Case ID,Agent Working,Agent Notes,Case Status,Final Outcome,Completed By,Completion Date,Last Updated Date
DH000001,,,Open,,,,2025-02-15
DH000002,,,Open,,,,2025-02-15
DH000003,,,Open,,,,2025-02-15
DH000004,,,Open,,,,2025-02-15
DH000005,,,Open,,,,2025-02-15
DH000006,,,Open,,,,2025-02-15
DH000007,,,Open,,,,2025-02-15
DH000008,,,Open,,,,2025-02-15
DH000009,,,Open,,,,2025-02-15
DH000010,,,Open,,,,2025-02-15
DH000011,,,Open,,,,2025-02-15
DH000012,,,Open,,,,2025-02-15
DH000013,,,Open,,,,2025-02-15
DH000014,,,Open,,,,2025-02-15
DH000015,,,Open,,,,2025-02-15
DH000016,,,Open,,,,2025-02-15
DH000017,,,Open,,,,2025-02-15
DH000018,,,Open,,,,2025-02-15
DH000019,,,Open,,,,2025-02-15
DH000020,,,Open,,,,2025-02-15
DH000021,,,Open,,,,2025-02-15
DH000022,,,Open,,,,2025-02-15
DH000023,,,Open,,,,2025-02-15
DH000024,,,Open,,,,2025-02-15
DH000025,,,Open,,,,2025-02-15
DH000026,,,Open,,,,2025-02-15
DH000027,,,Open,,,,2025-02-15
DH000028,,,Open,,,,2025-02-15
DH000029,,,Open,,,,2025-02-15
DH000030,,,Open,,,,2025-02-15
DH000031,,,Open,,,,2025-02-15
DH000032,,,Open,,,,2025-02-15
DH000033,,,Open,,,,2025-02-15
DH000034,,,Open,,,,2025-02-15
DH000035,,,Open,,,,2025-02-15
DH000036,,,Open,,,,2025-02-15
DH000037,,,Open,,,,2025-02-15
DH000038,,,Open,,,,2025-02-15
DH000039,,,Open,,,,2025-02-15
DH000040,,,Open,,,,2025-02-15
DH000041,,,Open,,,,2025-02-15
DH000042,,,Open,,,,2025-02-15
DH000043,,,Open,,,,2025-02-15
DH000044,,,Open,,,,2025-02-15
DH000045,,,Open,,,,2025-02-15
DH000046,,,Open,,,,2025-02-15
DH000047,,,Open,,,,2025-02-15
DH000048,,,Open,,,,2025-02-15
DH000049,,,Open,,,,2025-02-15
DH000050,DH001,Senior review completed; refund processed.,Completed,Refund Processed,DH001,2026-07-21,2026-07-21
DH000051,,,Open,,,,2025-02-15
DH000052,,,Open,,,,2025-02-15
DH000053,,,Open,,,,2025-02-15
DH000054,,,Open,,,,2025-02-15
DH000055,,,Open,,,,2025-02-15
DH000056,,,Open,,,,2025-02-15
DH000057,,,Open,,,,2025-02-15
DH000058,,,Open,,,,2025-02-15
DH000059,,,Open,,,,2025-02-15
DH000060,,,Open,,,,2025-02-15
DH000061,,,Open,,,,2025-02-15
DH000062,,,Open,,,,2025-02-15
DH000063,,,Open,,,,2025-02-15
DH000064,,,Open,,,,2025-02-15
DH000065,,,Open,,,,2025-02-15
DH000066,,,Open,,,,2025-02-15
DH000067,,,Open,,,,2025-02-15
DH000068,,,Open,,,,2025-02-15
DH000069,,,Open,,,,2025-02-15
DH000070,,,Open,,,,2025-02-15
DH000071,,,Open,,,,2025-02-15
DH000072,,,Open,,,,2025-02-15
DH000073,,,Open,,,,2025-02-15
DH000074,,,Open,,,,2025-02-15
DH000075,,,Open,,,,2025-02-15
DH000076,,,Open,,,,2025-02-15
DH000077,,,Open,,,,2025-02-15
DH000078,,,Open,,,,2025-02-15
DH000079,,,Open,,,,2025-02-15
DH000080,,,Open,,,,2025-02-15
DH000081,,,Open,,,,2025-02-15
DH000082,,,Open,,,,2025-02-15
DH000083,,,Open,,,,2025-02-15
DH000084,,,Open,,,,2025-02-15
DH000085,,,Open,,,,2025-02-15
DH000086,,,Open,,,,2025-02-15
DH000087,,,Open,,,,2025-02-15
DH000088,,,Open,,,,2025-02-15
DH000089,,,Open,,,,2025-02-15
DH000090,,,Open,,,,2025-02-15
DH000091,,,Open,,,,2025-02-15
DH000092,,,Open,,,,2025-02-15
DH000093,,,Open,,,,2025-02-15
DH000094,,,Open,,,,2025-02-15
DH000095,,,Open,,,,2025-02-15
DH000096,,,Open,,,,2025-02-15
DH000097,,,Open,,,,2025-02-15
DH000098,,,Open,,,,2025-02-15
DH000099,,,Open,,,,2025-02-15
DH000100,,,Open,,,,2025-02-15
DH000101,,,Open,,,,2025-02-15
DH000102,,,Open,,,,2025-02-15
DH000103,,,Open,,,,2025-02-15
DH000104,,,Open,,,,2025-02-15
DH000105,,,Open,,,,2025-02-15
DH000106,,,Open,,,,2025-02-15
DH000107,,,Open,,,,2025-02-15
DH000108,,,Open,,,,2025-02-15
DH000109,,,Open,,,,2025-02-15
DH000110,,,Open,,,,2025-02-15
DH000111,,,Open,,,,2025-02-15
DH000112,,,Open,,,,2025-02-15
DH000113,,,Open,,,,2025-02-15
DH000114,,,Open,,,,2025-02-15
DH000115,,,Open,,,,2025-02-15
DH000116,,,Open,,,,2025-02-15
DH000117,,,Open,,,,2025-02-15
DH000118,,,Open,,,,2025-02-15
DH000119,,,Open,,,,2025-02-15
DH000120,,,Open,,,,2025-02-15
DH000121,,,Open,,,,2025-02-15
DH000122,,,Open,,,,2025-02-15
DH000123,,,Open,,,,2025-02-15
DH000124,,,Open,,,,2025-02-15
DH000125,,,Open,,,,2025-02-15
DH000126,,,Open,,,,2025-02-15
DH000127,,,Open,,,,2025-02-15
DH000128,,,Open,,,,2025-02-15
DH000129,,,Open,,,,2025-02-15
DH000130,,,Open,,,,2025-02-15
DH000131,,,Open,,,,2025-02-15
DH000132,,,Open,,,,2025-02-15
DH000133,,,Open,,,,2025-02-15
DH000134,,,Open,,,,2025-02-15
DH000135,,,Open,,,,2025-02-15
DH000136,,,Open,,,,2025-02-15
DH000137,,,Open,,,,2025-02-15
DH000138,,,Open,,,,2025-02-15
DH000139,,,Open,,,,2025-02-15
DH000140,,,Open,,,,2025-02-15
DH000141,,,Open,,,,2025-02-15
DH000142,,,Open,,,,2025-02-15
DH000143,,,Open,,,,2025-02-15
DH000144,,,Open,,,,2025-02-15
DH000145,,,Open,,,,2025-02-15
DH000146,,,Open,,,,2025-02-15
DH000147,,,Open,,,,2025-02-15
DH000148,,,Open,,,,2025-02-15
DH000149,,,Open,,,,2025-02-15
DH000150,,,Open,,,,2025-02-15
DH000151,,,Open,,,,2025-02-15
DH000152,,,Open,,,,2025-02-15
DH000153,,,Open,,,,2025-02-15
DH000154,,,Open,,,,2025-02-15
DH000155,,,Open,,,,2025-02-15
DH000156,,,Open,,,,2025-02-15
DH000157,,,Open,,,,2025-02-15
DH000158,,,Open,,,,2025-02-15
DH000159,,,Open,,,,2025-02-15
DH000160,,,Open,,,,2025-02-15
DH000161,,,Open,,,,2025-02-15
DH000162,,,Open,,,,2025-02-15
DH000163,,,Open,,,,2025-02-15
DH000164,,,Open,,,,2025-02-15
DH000165,,,Open,,,,2025-02-15
DH000166,,,Open,,,,2025-02-15
DH000167,,,Open,,,,2025-02-15
DH000168,,,Open,,,,2025-02-15
DH000169,,,Open,,,,2025-02-15
DH000170,,,Open,,,,2025-02-15
DH000171,,,Open,,,,2025-02-15
DH000172,,,Open,,,,2025-02-15
DH000173,,,Open,,,,2025-02-15
DH000174,,,Open,,,,2025-02-15
DH000175,,,Open,,,,2025-02-15
DH000176,,,Open,,,,2025-02-15
DH000177,,,Open,,,,2025-02-15
DH000178,,,Open,,,,2025-02-15
DH000179,,,Open,,,,2025-02-15
DH000180,,,Open,,,,2025-02-15
DH000181,,,Open,,,,2025-02-15
DH000182,,,Open,,,,2025-02-15
DH000183,,,Open,,,,2025-02-15
DH000184,,,Open,,,,2025-02-15
DH000185,,,Open,,,,2025-02-15
DH000186,,,Open,,,,2025-02-15
DH000187,,,Open,,,,2025-02-15
DH000188,,,Open,,,,2025-02-15
DH000189,,,Open,,,,2025-02-15
DH000190,,,Open,,,,2025-02-15
DH000191,,,Open,,,,2025-02-15
DH000192,,,Open,,,,2025-02-15
DH000193,,,Open,,,,2025-02-15
DH000194,,,Open,,,,2025-02-15
DH000195,,,Open,,,,2025-02-15
DH000196,,,Open,,,,2025-03-15
DH000197,,,Open,,,,2025-03-15
DH000198,,,Open,,,,2025-03-15
DH000199,,,Open,,,,2025-03-15
DH000200,,,Open,,,,2025-03-15
DH000201,,,Open,,,,2025-03-15
DH000202,,,Open,,,,2025-03-15
DH000203,,,Open,,,,2025-03-15
DH000204,,,Open,,,,2025-03-15
DH000205,,,Open,,,,2025-03-15
DH000206,,,Open,,,,2025-03-15
DH000207,,,Open,,,,2025-03-15
DH000208,,,Open,,,,2025-03-15
DH000209,,,Open,,,,2025-03-15
DH000210,,,Open,,,,2025-03-15
DH000211,,,Open,,,,2025-03-15
DH000212,,,Open,,,,2025-03-15
DH000213,,,Open,,,,2025-03-15
DH000214,,,Open,,,,2025-03-15
DH000215,,,Open,,,,2025-03-15
DH000216,,,Open,,,,2025-03-15
DH000217,,,Open,,,,2025-03-15
DH000218,,,Open,,,,2025-03-15
DH000219,,,Open,,,,2025-03-15
DH000220,,,Open,,,,2025-03-15
DH000221,,,Open,,,,2025-03-15
DH000222,,,Open,,,,2025-03-15
DH000223,,,Open,,,,2025-03-15
DH000224,,,Open,,,,2025-03-15
DH000225,,,Open,,,,2025-03-15
DH000226,,,Open,,,,2025-03-15
DH000227,,,Open,,,,2025-03-15
DH000228,,,Open,,,,2025-03-15
DH000229,,,Open,,,,2025-03-15
DH000230,,,Open,,,,2025-03-15
DH000231,,,Open,,,,2025-03-15
DH000232,,,Open,,,,2025-03-15
DH000233,,,Open,,,,2025-03-15
DH000234,,,Open,,,,2025-03-15
DH000235,,,Open,,,,2025-03-15
DH000236,,,Open,,,,2025-03-15
DH000237,,,Open,,,,2025-03-15
DH000238,,,Open,,,,2025-03-15
DH000239,,,Open,,,,2025-03-15
DH000240,,,Open,,,,2025-03-15
DH000241,,,Open,,,,2025-03-15
DH000242,,,Open,,,,2025-03-15
DH000243,,,Open,,,,2025-03-15
DH000244,,,Open,,,,2025-03-15
DH000245,,,Open,,,,2025-03-15
DH000246,,,Open,,,,2025-03-15
DH000247,,,Open,,,,2025-03-15
DH000248,,,Open,,,,2025-03-15
DH000249,,,Open,,,,2025-03-15
DH000250,,,Open,,,,2025-03-15
DH000251,,,Open,,,,2025-03-15
DH000252,,,Open,,,,2025-03-15
DH000253,,,Open,,,,2025-03-15
DH000254,,,Open,,,,2025-03-15
DH000255,,,Open,,,,2025-03-15
DH000256,,,Open,,,,2025-03-15
DH000257,,,Open,,,,2025-03-15
DH000258,,,Open,,,,2025-03-15
DH000259,,,Open,,,,2025-03-15
DH000260,,,Open,,,,2025-03-15
DH000261,,,Open,,,,2025-03-15
DH000262,,,Open,,,,2025-03-15
DH000263,,,Open,,,,2025-03-15
DH000264,,,Open,,,,2025-03-15
DH000265,,,Open,,,,2025-03-15
DH000266,,,Open,,,,2025-03-15
DH000267,,,Open,,,,2025-03-15
DH000268,,,Open,,,,2025-03-15
DH000269,,,Open,,,,2025-03-15
DH000270,,,Open,,,,2025-03-15
DH000271,,,Open,,,,2025-03-15
DH000272,,,Open,,,,2025-03-15
DH000273,,,Open,,,,2025-03-15
DH000274,,,Open,,,,2025-03-15
DH000275,,,Open,,,,2025-03-15
DH000276,,,Open,,,,2025-03-15
DH000277,,,Open,,,,2025-03-15
DH000278,,,Open,,,,2025-03-15
DH000279,,,Open,,,,2025-03-15
DH000280,,,Open,,,,2025-03-15
DH000281,,,Open,,,,2025-03-15
DH000282,,,Open,,,,2025-03-15
DH000283,,,Open,,,,2025-03-15
DH000284,,,Open,,,,2025-03-15
DH000285,,,Open,,,,2025-03-15
DH000286,,,Open,,,,2025-03-15
DH000287,,,Open,,,,2025-03-15
DH000288,,,Open,,,,2025-03-15
DH000289,,,Open,,,,2025-03-15
DH000290,,,Open,,,,2025-03-15
DH000291,,,Open,,,,2025-03-15
DH000292,,,Open,,,,2025-03-15
DH000293,,,Open,,,,2025-03-15
DH000294,,,Open,,,,2025-03-15
DH000295,,,Open,,,,2025-03-15
DH000296,,,Open,,,,2025-03-15
DH000297,,,Open,,,,2025-03-15
DH000298,,,Open,,,,2025-03-15
DH000299,,,Open,,,,2025-03-15
DH000300,,,Open,,,,2025-03-15
DH000301,,,Open,,,,2025-03-15
DH000302,,,Open,,,,2025-03-15
DH000303,,,Open,,,,2025-03-15
DH000304,,,Open,,,,2025-03-15
DH000305,,,Open,,,,2025-03-15
DH000306,,,Open,,,,2025-03-15
DH000307,,,Open,,,,2025-03-15
DH000308,,,Open,,,,2025-03-15
DH000309,,,Open,,,,2025-03-15
DH000310,,,Open,,,,2025-03-15
DH000311,,,Open,,,,2025-03-15
DH000312,,,Open,,,,2025-03-15
DH000313,,,Open,,,,2025-03-15
DH000314,,,Open,,,,2025-03-15
DH000315,,,Open,,,,2025-03-15
DH000316,,,Open,,,,2025-03-15
DH000317,,,Open,,,,2025-03-15
DH000318,,,Open,,,,2025-03-15
DH000319,,,Open,,,,2025-03-15
DH000320,,,Open,,,,2025-03-15
DH000321,,,Open,,,,2025-03-15
DH000322,,,Open,,,,2025-03-15
DH000323,,,Open,,,,2025-03-15
DH000324,,,Open,,,,2025-03-15
DH000325,,,Open,,,,2025-03-15
DH000326,,,Open,,,,2025-03-15
DH000327,,,Open,,,,2025-03-15
DH000328,,,Open,,,,2025-03-15
DH000329,,,Open,,,,2025-03-15
DH000330,,,Open,,,,2025-03-15
DH000331,,,Open,,,,2025-03-15
DH000332,,,Open,,,,2025-03-15
DH000333,,,Open,,,,2025-03-15
DH000334,,,Open,,,,2025-03-15
DH000335,,,Open,,,,2025-04-15
DH000336,,,Open,,,,2025-04-15
DH000337,,,Open,,,,2025-04-15
DH000338,,,Open,,,,2025-04-15
DH000339,,,Open,,,,2025-04-15
DH000340,,,Open,,,,2025-04-15
DH000341,,,Open,,,,2025-04-15
DH000342,,,Open,,,,2025-04-15
DH000343,,,Open,,,,2025-04-15
DH000344,,,Open,,,,2025-04-15
DH000345,,,Open,,,,2025-04-15
DH000346,,,Open,,,,2025-04-15
DH000347,,,Open,,,,2025-04-15
DH000348,,,Open,,,,2025-04-15
DH000349,,,Open,,,,2025-04-15
DH000350,,,Open,,,,2025-04-15
DH000351,,,Open,,,,2025-04-15
DH000352,,,Open,,,,2025-04-15
DH000353,,,Open,,,,2025-04-15
DH000354,,,Open,,,,2025-04-15
DH000355,,,Open,,,,2025-04-15
DH000356,,,Open,,,,2025-04-15
DH000357,,,Open,,,,2025-04-15
DH000358,,,Open,,,,2025-04-15
DH000359,,,Open,,,,2025-04-15
DH000360,,,Open,,,,2025-04-15
DH000361,,,Open,,,,2025-04-15
DH000362,,,Open,,,,2025-04-15
DH000363,,,Open,,,,2025-04-15
DH000364,,,Open,,,,2025-04-15
DH000365,,,Open,,,,2025-04-15
DH000366,,,Open,,,,2025-04-15
DH000367,,,Open,,,,2025-04-15
DH000368,,,Open,,,,2025-04-15
DH000369,,,Open,,,,2025-04-15
DH000370,,,Open,,,,2025-04-15
DH000371,,,Open,,,,2025-04-15
DH000372,,,Open,,,,2025-04-15
DH000373,,,Open,,,,2025-04-15
DH000374,,,Open,,,,2025-04-15
DH000375,,,Open,,,,2025-04-15
DH000376,,,Open,,,,2025-04-15
DH000377,,,Open,,,,2025-04-15
DH000378,,,Open,,,,2025-04-15
DH000379,,,Open,,,,2025-04-15
DH000380,,,Open,,,,2025-04-15
DH000381,,,Open,,,,2025-04-15
DH000382,,,Open,,,,2025-04-15
DH000383,,,Open,,,,2025-04-15
DH000384,,,Open,,,,2025-04-15
DH000385,,,Open,,,,2025-04-15
DH000386,,,Open,,,,2025-04-15
DH000387,,,Open,,,,2025-04-15
DH000388,,,Open,,,,2025-04-15
DH000389,,,Open,,,,2025-04-15
DH000390,,,Open,,,,2025-04-15
DH000391,,,Open,,,,2025-04-15
DH000392,,,Open,,,,2025-04-15
DH000393,,,Open,,,,2025-04-15
DH000394,,,Open,,,,2025-04-15
DH000395,,,Open,,,,2025-04-15
DH000396,,,Open,,,,2025-04-15
DH000397,,,Open,,,,2025-04-15
DH000398,,,Open,,,,2025-04-15
DH000399,,,Open,,,,2025-04-15
DH000400,,,Open,,,,2025-04-15
DH000401,,,Open,,,,2025-04-15
DH000402,,,Open,,,,2025-04-15
DH000403,,,Open,,,,2025-04-15
DH000404,,,Open,,,,2025-04-15
DH000405,,,Open,,,,2025-04-15
DH000406,,,Open,,,,2025-04-15
DH000407,,,Open,,,,2025-04-15
DH000408,,,Open,,,,2025-04-15
DH000409,,,Open,,,,2025-04-15
DH000410,,,Open,,,,2025-04-15
DH000411,,,Open,,,,2025-04-15
DH000412,,,Open,,,,2025-04-15
DH000413,,,Open,,,,2025-04-15
DH000414,,,Open,,,,2025-04-15
DH000415,,,Open,,,,2025-04-15
DH000416,,,Open,,,,2025-04-15
DH000417,,,Open,,,,2025-04-15
DH000418,,,Open,,,,2025-04-15
DH000419,,,Open,,,,2025-04-15
DH000420,,,Open,,,,2025-04-15
DH000421,,,Open,,,,2025-04-15
DH000422,,,Open,,,,2025-04-15
DH000423,,,Open,,,,2025-04-15
DH000424,,,Open,,,,2025-04-15
DH000425,,,Open,,,,2025-04-15
DH000426,,,Open,,,,2025-04-15
DH000427,,,Open,,,,2025-04-15
DH000428,,,Open,,,,2025-04-15
DH000429,,,Open,,,,2025-04-15
DH000430,,,Open,,,,2025-04-15
DH000431,,,Open,,,,2025-04-15
DH000432,,,Open,,,,2025-04-15
DH000433,,,Open,,,,2025-04-15
DH000434,,,Open,,,,2025-04-15
DH000435,,,Open,,,,2025-04-15
DH000436,,,Open,,,,2025-04-15
DH000437,,,Open,,,,2025-04-15
DH000438,,,Open,,,,2025-04-15
DH000439,,,Open,,,,2025-04-15
DH000440,,,Open,,,,2025-04-15
DH000441,,,Open,,,,2025-04-15
DH000442,,,Open,,,,2025-04-15
DH000443,,,Open,,,,2025-04-15
DH000444,,,Open,,,,2025-04-15
DH000445,,,Open,,,,2025-04-15
DH000446,,,Open,,,,2025-04-15
DH000447,,,Open,,,,2025-04-15
DH000448,,,Open,,,,2025-04-15
DH000449,,,Open,,,,2025-04-15
DH000450,,,Open,,,,2025-04-15
DH000451,,,Open,,,,2025-04-15
DH000452,,,Open,,,,2025-04-15
DH000453,,,Open,,,,2025-04-15
DH000454,,,Open,,,,2025-04-15
DH000455,,,Open,,,,2025-04-15
DH000456,,,Open,,,,2025-04-15
DH000457,,,Open,,,,2025-04-15
DH000458,,,Open,,,,2025-04-15
DH000459,,,Open,,,,2025-04-15
DH000460,,,Open,,,,2025-04-15
DH000461,,,Open,,,,2025-04-15
DH000462,,,Open,,,,2025-04-15
DH000463,,,Open,,,,2025-04-15
DH000464,,,Open,,,,2025-04-15
DH000465,,,Open,,,,2025-04-15
DH000466,,,Open,,,,2025-04-15
DH000467,,,Open,,,,2025-04-15
DH000468,,,Open,,,,2025-05-15
DH000469,,,Open,,,,2025-05-15
DH000470,,,Open,,,,2025-05-15
DH000471,,,Open,,,,2025-05-15
DH000472,,,Open,,,,2025-05-15
DH000473,,,Open,,,,2025-05-15
DH000474,,,Open,,,,2025-05-15
DH000475,,,Open,,,,2025-05-15
DH000476,,,Open,,,,2025-05-15
DH000477,,,Open,,,,2025-05-15
DH000478,,,Open,,,,2025-05-15
DH000479,,,Open,,,,2025-05-15
DH000480,,,Open,,,,2025-05-15
DH000481,,,Open,,,,2025-05-15
DH000482,,,Open,,,,2025-05-15
DH000483,,,Open,,,,2025-05-15
DH000484,,,Open,,,,2025-05-15
DH000485,,,Open,,,,2025-05-15
DH000486,,,Open,,,,2025-05-15
DH000487,,,Open,,,,2025-05-15
DH000488,,,Open,,,,2025-05-15
DH000489,,,Open,,,,2025-05-15
DH000490,,,Open,,,,2025-05-15
DH000491,,,Open,,,,2025-05-15
DH000492,,,Open,,,,2025-05-15
DH000493,,,Open,,,,2025-05-15
DH000494,,,Open,,,,2025-05-15
DH000495,,,Open,,,,2025-05-15
DH000496,,,Open,,,,2025-05-15
DH000497,,,Open,,,,2025-05-15
DH000498,,,Open,,,,2025-05-15
DH000499,,,Open,,,,2025-05-15
DH000500,,,Open,,,,2025-05-15
DH000501,,,Open,,,,2025-05-15
DH000502,,,Open,,,,2025-05-15
DH000503,,,Open,,,,2025-05-15
DH000504,,,Open,,,,2025-05-15
DH000505,,,Open,,,,2025-05-15
DH000506,,,Open,,,,2025-05-15
DH000507,,,Open,,,,2025-05-15
DH000508,,,Open,,,,2025-05-15
DH000509,,,Open,,,,2025-05-15
DH000510,,,Open,,,,2025-05-15
DH000511,,,Open,,,,2025-05-15
DH000512,,,Open,,,,2025-05-15
DH000513,,,Open,,,,2025-05-15
DH000514,,,Open,,,,2025-05-15
DH000515,,,Open,,,,2025-05-15
DH000516,,,Open,,,,2025-05-15
DH000517,,,Open,,,,2025-05-15
DH000518,,,Open,,,,2025-05-15
DH000519,,,Open,,,,2025-05-15
DH000520,,,Open,,,,2025-05-15
DH000521,,,Open,,,,2025-05-15
DH000522,,,Open,,,,2025-05-15
DH000523,,,Open,,,,2025-05-15
DH000524,,,Open,,,,2025-05-15
DH000525,,,Open,,,,2025-05-15
DH000526,,,Open,,,,2025-05-15
DH000527,,,Open,,,,2025-05-15
DH000528,,,Open,,,,2025-05-15
DH000529,,,Open,,,,2025-05-15
DH000530,,,Open,,,,2025-05-15
DH000531,,,Open,,,,2025-05-15
DH000532,,,Open,,,,2025-05-15
DH000533,,,Open,,,,2025-05-15
DH000534,,,Open,,,,2025-05-15
DH000535,,,Open,,,,2025-05-15
DH000536,,,Open,,,,2025-05-15
DH000537,,,Open,,,,2025-05-15
DH000538,,,Open,,,,2025-05-15
DH000539,,,Open,,,,2025-05-15
DH000540,,,Open,,,,2025-05-15
DH000541,,,Open,,,,2025-05-15
DH000542,,,Open,,,,2025-05-15
DH000543,,,Open,,,,2025-05-15
DH000544,,,Open,,,,2025-05-15
DH000545,,,Open,,,,2025-05-15
DH000546,,,Open,,,,2025-05-15
DH000547,,,Open,,,,2025-05-15
DH000548,,,Open,,,,2025-05-15
DH000549,,,Open,,,,2025-05-15
DH000550,,,Open,,,,2025-05-15
DH000551,,,Open,,,,2025-05-15
DH000552,,,Open,,,,2025-05-15
DH000553,,,Open,,,,2025-05-15
DH000554,,,Open,,,,2025-05-15
DH000555,,,Open,,,,2025-05-15
DH000556,,,Open,,,,2025-05-15
DH000557,,,Open,,,,2025-05-15
DH000558,,,Open,,,,2025-05-15
DH000559,,,Open,,,,2025-05-15
DH000560,,,Open,,,,2025-05-15
DH000561,,,Open,,,,2025-05-15
DH000562,,,Open,,,,2025-05-15
DH000563,,,Open,,,,2025-05-15
DH000564,,,Open,,,,2025-05-15
DH000565,,,Open,,,,2025-05-15
DH000566,,,Open,,,,2025-05-15
DH000567,,,Open,,,,2025-05-15
DH000568,,,Open,,,,2025-05-15
DH000569,,,Open,,,,2025-05-15
DH000570,,,Open,,,,2025-05-15
DH000571,,,Open,,,,2025-05-15
DH000572,,,Open,,,,2025-05-15
DH000573,,,Open,,,,2025-05-15
DH000574,,,Open,,,,2025-05-15
DH000575,,,Open,,,,2025-05-15
DH000576,,,Open,,,,2025-05-15
DH000577,,,Open,,,,2025-05-15
DH000578,,,Open,,,,2025-05-15
DH000579,,,Open,,,,2025-05-15
DH000580,,,Open,,,,2025-05-15
DH000581,,,Open,,,,2025-05-15
DH000582,,,Open,,,,2025-05-15
DH000583,,,Open,,,,2025-05-15
DH000584,,,Open,,,,2025-05-15
DH000585,,,Open,,,,2025-05-15
DH000586,,,Open,,,,2025-05-15
DH000587,,,Open,,,,2025-05-15
DH000588,,,Open,,,,2025-05-15
DH000589,,,Open,,,,2025-05-15
DH000590,,,Open,,,,2025-05-15
DH000591,,,Open,,,,2025-05-15
DH000592,,,Open,,,,2025-05-15
DH000593,,,Open,,,,2025-05-15
DH000594,,,Open,,,,2025-05-15
DH000595,,,Open,,,,2025-05-15
DH000596,,,Open,,,,2025-05-15
DH000597,,,Open,,,,2025-05-15
DH000598,,,Open,,,,2025-05-15
DH000599,,,Open,,,,2025-05-15
DH000600,,,Open,,,,2025-05-15
DH000601,,,Open,,,,2025-05-15
DH000602,,,Open,,,,2025-05-15
DH000603,,,Open,,,,2025-05-15
DH000604,,,Open,,,,2025-05-15
DH000605,,,Open,,,,2025-05-15
DH000606,,,Open,,,,2025-05-15
DH000607,,,Open,,,,2025-05-15
DH000608,,,Open,,,,2025-05-15
DH000609,,,Open,,,,2025-05-15
DH000610,,,Open,,,,2025-05-15
DH000611,,,Open,,,,2025-05-15
DH000612,,,Open,,,,2025-05-15
DH000613,,,Open,,,,2025-05-15
DH000614,,,Open,,,,2025-05-15
DH000615,,,Open,,,,2025-05-15
DH000616,,,Open,,,,2025-05-15
DH000617,,,Open,,,,2025-05-15
DH000618,,,Open,,,,2025-05-15
DH000619,,,Open,,,,2025-05-15
DH000620,,,Open,,,,2025-05-15
DH000621,,,Open,,,,2025-05-15
DH000622,,,Open,,,,2025-05-15
DH000623,,,Open,,,,2025-05-15
DH000624,,,Open,,,,2025-05-15
DH000625,,,Open,,,,2025-05-15
DH000626,,,Open,,,,2025-05-15
DH000627,,,Open,,,,2025-05-15
DH000628,,,Open,,,,2025-05-15
DH000629,,,Open,,,,2025-05-15
DH000630,,,Open,,,,2025-05-15
DH000631,,,Open,,,,2025-05-15
DH000632,,,Open,,,,2025-05-15
DH000633,,,Open,,,,2025-05-15
DH000634,,,Open,,,,2025-05-15
DH000635,,,Open,,,,2025-05-15
DH000636,,,Open,,,,2025-05-15
DH000637,,,Open,,,,2025-05-15
DH000638,,,Open,,,,2025-05-15
DH000639,,,Open,,,,2025-05-15
DH000640,,,Open,,,,2025-05-15
DH000641,,,Open,,,,2025-05-15
DH000642,,,Open,,,,2025-05-15
DH000643,,,Open,,,,2025-05-15
DH000644,,,Open,,,,2025-05-15
DH000645,,,Open,,,,2025-06-15
DH000646,,,Open,,,,2025-06-15
DH000647,,,Open,,,,2025-06-15
DH000648,,,Open,,,,2025-06-15
DH000649,,,Open,,,,2025-06-15
DH000650,,,Open,,,,2025-06-15
DH000651,,,Open,,,,2025-06-15
DH000652,,,Open,,,,2025-06-15
DH000653,,,Open,,,,2025-06-15
DH000654,,,Open,,,,2025-06-15
DH000655,,,Open,,,,2025-06-15
DH000656,,,Open,,,,2025-06-15
DH000657,,,Open,,,,2025-06-15
DH000658,,,Open,,,,2025-06-15
DH000659,,,Open,,,,2025-06-15
DH000660,,,Open,,,,2025-06-15
DH000661,,,Open,,,,2025-06-15
DH000662,,,Open,,,,2025-06-15
DH000663,,,Open,,,,2025-06-15
DH000664,,,Open,,,,2025-06-15
DH000665,,,Open,,,,2025-06-15
DH000666,,,Open,,,,2025-06-15
DH000667,,,Open,,,,2025-06-15
DH000668,,,Open,,,,2025-06-15
DH000669,,,Open,,,,2025-06-15
DH000670,,,Open,,,,2025-06-15
DH000671,,,Open,,,,2025-06-15
DH000672,,,Open,,,,2025-06-15
DH000673,,,Open,,,,2025-06-15
DH000674,,,Open,,,,2025-06-15
DH000675,,,Open,,,,2025-06-15
DH000676,,,Open,,,,2025-06-15
DH000677,,,Open,,,,2025-06-15
DH000678,,,Open,,,,2025-06-15
DH000679,,,Open,,,,2025-06-15
DH000680,,,Open,,,,2025-06-15
DH000681,,,Open,,,,2025-06-15
DH000682,,,Open,,,,2025-06-15
DH000683,,,Open,,,,2025-06-15
DH000684,,,Open,,,,2025-06-15
DH000685,,,Open,,,,2025-06-15
DH000686,,,Open,,,,2025-06-15
DH000687,,,Open,,,,2025-06-15
DH000688,,,Open,,,,2025-06-15
DH000689,,,Open,,,,2025-06-15
DH000690,,,Open,,,,2025-06-15
DH000691,,,Open,,,,2025-06-15
DH000692,,,Open,,,,2025-06-15
DH000693,,,Open,,,,2025-06-15
DH000694,,,Open,,,,2025-06-15
DH000695,,,Open,,,,2025-06-15
DH000696,,,Open,,,,2025-06-15
DH000697,,,Open,,,,2025-06-15
DH000698,,,Open,,,,2025-06-15
DH000699,,,Open,,,,2025-06-15
DH000700,,,Open,,,,2025-06-15
DH000701,,,Open,,,,2025-06-15
DH000702,,,Open,,,,2025-06-15
DH000703,,,Open,,,,2025-06-15
DH000704,,,Open,,,,2025-06-15
DH000705,,,Open,,,,2025-06-15
DH000706,,,Open,,,,2025-06-15
DH000707,,,Open,,,,2025-06-15
DH000708,,,Open,,,,2025-06-15
DH000709,,,Open,,,,2025-06-15
DH000710,,,Open,,,,2025-06-15
DH000711,,,Open,,,,2025-06-15
DH000712,,,Open,,,,2025-06-15
DH000713,,,Open,,,,2025-06-15
DH000714,,,Open,,,,2025-06-15
DH000715,,,Open,,,,2025-06-15
DH000716,,,Open,,,,2025-06-15
DH000717,,,Open,,,,2025-06-15
DH000718,,,Open,,,,2025-06-15
DH000719,,,Open,,,,2025-06-15
DH000720,,,Open,,,,2025-06-15
DH000721,,,Open,,,,2025-06-15
DH000722,,,Open,,,,2025-06-15
DH000723,,,Open,,,,2025-06-15
DH000724,,,Open,,,,2025-06-15
DH000725,,,Open,,,,2025-06-15
DH000726,,,Open,,,,2025-06-15
DH000727,,,Open,,,,2025-06-15
DH000728,,,Open,,,,2025-06-15
DH000729,,,Open,,,,2025-06-15
DH000730,,,Open,,,,2025-06-15
DH000731,,,Open,,,,2025-06-15
DH000732,,,Open,,,,2025-06-15
DH000733,,,Open,,,,2025-06-15
DH000734,,,Open,,,,2025-06-15
DH000735,,,Open,,,,2025-06-15
DH000736,,,Open,,,,2025-06-15
DH000737,,,Open,,,,2025-06-15
DH000738,,,Open,,,,2025-06-15
DH000739,,,Open,,,,2025-06-15
DH000740,,,Open,,,,2025-06-15
DH000741,,,Open,,,,2025-06-15
DH000742,,,Open,,,,2025-06-15
DH000743,,,Open,,,,2025-06-15
DH000744,,,Open,,,,2025-06-15
DH000745,,,Open,,,,2025-06-15
DH000746,,,Open,,,,2025-06-15
DH000747,,,Open,,,,2025-06-15
DH000748,,,Open,,,,2025-06-15
DH000749,,,Open,,,,2025-06-15
DH000750,,,Open,,,,2025-06-15
DH000751,,,Open,,,,2025-06-15
DH000752,,,Open,,,,2025-06-15
DH000753,,,Open,,,,2025-06-15
DH000754,,,Open,,,,2025-06-15
DH000755,,,Open,,,,2025-06-15
DH000756,,,Open,,,,2025-06-15
DH000757,,,Open,,,,2025-06-15
DH000758,,,Open,,,,2025-06-15
DH000759,,,Open,,,,2025-06-15
DH000760,,,Open,,,,2025-06-15
DH000761,,,Open,,,,2025-06-15
DH000762,,,Open,,,,2025-06-15
DH000763,,,Open,,,,2025-06-15
DH000764,,,Open,,,,2025-06-15
DH000765,,,Open,,,,2025-06-15
DH000766,,,Open,,,,2025-06-15
DH000767,,,Open,,,,2025-06-15
DH000768,,,Open,,,,2025-06-15
DH000769,,,Open,,,,2025-06-15
DH000770,,,Open,,,,2025-06-15
DH000771,,,Open,,,,2025-06-15
DH000772,,,Open,,,,2025-06-15
DH000773,,,Open,,,,2025-06-15
DH000774,,,Open,,,,2025-06-15
DH000775,,,Open,,,,2025-06-15
DH000776,,,Open,,,,2025-06-15
DH000777,,,Open,,,,2025-06-15
DH000778,,,Open,,,,2025-06-15
DH000779,,,Open,,,,2025-06-15
DH000780,,,Open,,,,2025-06-15
DH000781,,,Open,,,,2025-06-15
DH000782,,,Open,,,,2025-06-15
DH000783,,,Open,,,,2025-06-15
DH000784,,,Open,,,,2025-06-15
DH000785,,,Open,,,,2025-06-15
DH000786,,,Open,,,,2025-06-15
DH000787,,,Open,,,,2025-06-15
DH000788,,,Open,,,,2025-06-15
DH000789,,,Open,,,,2025-06-15
DH000790,,,Open,,,,2025-06-15
DH000791,,,Open,,,,2025-06-15
DH000792,,,Open,,,,2025-06-15
DH000793,,,Open,,,,2025-06-15
DH000794,,,Open,,,,2025-06-15
DH000795,,,Open,,,,2025-06-15
DH000796,,,Open,,,,2025-06-15
DH000797,,,Open,,,,2025-06-15
DH000798,,,Open,,,,2025-06-15
DH000799,,,Open,,,,2025-06-15
DH000800,,,Open,,,,2025-06-15
DH000801,,,Open,,,,2025-06-15
DH000802,,,Open,,,,2025-06-15
DH000803,,,Open,,,,2025-06-15
DH000804,,,Open,,,,2025-06-15
DH000805,,,Open,,,,2025-07-15
DH000806,,,Open,,,,2025-07-15
DH000807,,,Open,,,,2025-07-15
DH000808,,,Open,,,,2025-07-15
DH000809,,,Open,,,,2025-07-15
DH000810,,,Open,,,,2025-07-15
DH000811,,,Open,,,,2025-07-15
DH000812,,,Open,,,,2025-07-15
DH000813,,,Open,,,,2025-07-15
DH000814,,,Open,,,,2025-07-15
DH000815,,,Open,,,,2025-07-15
DH000816,,,Open,,,,2025-07-15
DH000817,,,Open,,,,2025-07-15
DH000818,,,Open,,,,2025-07-15
DH000819,,,Open,,,,2025-07-15
DH000820,,,Open,,,,2025-07-15
DH000821,,,Open,,,,2025-07-15
DH000822,,,Open,,,,2025-07-15
DH000823,,,Open,,,,2025-07-15
DH000824,,,Open,,,,2025-07-15
DH000825,,,Open,,,,2025-07-15
DH000826,,,Open,,,,2025-07-15
DH000827,,,Open,,,,2025-07-15
DH000828,,,Open,,,,2025-07-15
DH000829,,,Open,,,,2025-07-15
DH000830,,,Open,,,,2025-07-15
DH000831,,,Open,,,,2025-07-15
DH000832,,,Open,,,,2025-07-15
DH000833,,,Open,,,,2025-07-15
DH000834,,,Open,,,,2025-07-15
DH000835,,,Open,,,,2025-07-15
DH000836,,,Open,,,,2025-07-15
DH000837,,,Open,,,,2025-07-15
DH000838,,,Open,,,,2025-07-15
DH000839,,,Open,,,,2025-07-15
DH000840,,,Open,,,,2025-07-15
DH000841,,,Open,,,,2025-07-15
DH000842,,,Open,,,,2025-07-15
DH000843,,,Open,,,,2025-07-15
DH000844,,,Open,,,,2025-07-15
DH000845,,,Open,,,,2025-07-15
DH000846,,,Open,,,,2025-07-15
DH000847,,,Open,,,,2025-07-15
DH000848,,,Open,,,,2025-07-15
DH000849,,,Open,,,,2025-07-15
DH000850,,,Open,,,,2025-07-15
DH000851,,,Open,,,,2025-07-15
DH000852,,,Open,,,,2025-07-15
DH000853,,,Open,,,,2025-07-15
DH000854,,,Open,,,,2025-07-15
DH000855,,,Open,,,,2025-07-15
DH000856,,,Open,,,,2025-07-15
DH000857,,,Open,,,,2025-07-15
DH000858,,,Open,,,,2025-07-15
DH000859,,,Open,,,,2025-07-15
DH000860,,,Open,,,,2025-07-15
DH000861,,,Open,,,,2025-07-15
DH000862,,,Open,,,,2025-07-15
DH000863,,,Open,,,,2025-07-15
DH000864,,,Open,,,,2025-07-15
DH000865,,,Open,,,,2025-07-15
DH000866,,,Open,,,,2025-07-15
DH000867,,,Open,,,,2025-07-15
DH000868,,,Open,,,,2025-07-15
DH000869,,,Open,,,,2025-07-15
DH000870,,,Open,,,,2025-07-15
DH000871,,,Open,,,,2025-07-15
DH000872,,,Open,,,,2025-07-15
DH000873,,,Open,,,,2025-07-15
DH000874,,,Open,,,,2025-07-15
DH000875,,,Open,,,,2025-07-15
DH000876,,,Open,,,,2025-07-15
DH000877,,,Open,,,,2025-07-15
DH000878,,,Open,,,,2025-07-15
DH000879,,,Open,,,,2025-07-15
DH000880,,,Open,,,,2025-07-15
DH000881,,,Open,,,,2025-07-15
DH000882,,,Open,,,,2025-07-15
DH000883,,,Open,,,,2025-07-15
DH000884,,,Open,,,,2025-07-15
DH000885,,,Open,,,,2025-07-15
DH000886,,,Open,,,,2025-07-15
DH000887,,,Open,,,,2025-07-15
DH000888,,,Open,,,,2025-07-15
DH000889,,,Open,,,,2025-07-15
DH000890,,,Open,,,,2025-07-15
DH000891,,,Open,,,,2025-07-15
DH000892,,,Open,,,,2025-07-15
DH000893,,,Open,,,,2025-07-15
DH000894,,,Open,,,,2025-07-15
DH000895,,,Open,,,,2025-07-15
DH000896,,,Open,,,,2025-07-15
DH000897,,,Open,,,,2025-07-15
DH000898,,,Open,,,,2025-07-15
DH000899,,,Open,,,,2025-07-15
DH000900,,,Open,,,,2025-07-15
DH000901,,,Open,,,,2025-07-15
DH000902,,,Open,,,,2025-07-15
DH000903,,,Open,,,,2025-07-15
DH000904,,,Open,,,,2025-07-15
DH000905,,,Open,,,,2025-07-15
DH000906,,,Open,,,,2025-07-15
DH000907,,,Open,,,,2025-07-15
DH000908,,,Open,,,,2025-07-15
DH000909,,,Open,,,,2025-07-15
DH000910,,,Open,,,,2025-07-15
DH000911,,,Open,,,,2025-07-15
DH000912,,,Open,,,,2025-07-15
DH000913,,,Open,,,,2025-07-15
DH000914,,,Open,,,,2025-07-15
DH000915,,,Open,,,,2025-07-15
DH000916,,,Open,,,,2025-07-15
DH000917,,,Open,,,,2025-07-15
DH000918,,,Open,,,,2025-07-15
DH000919,,,Open,,,,2025-07-15
DH000920,,,Open,,,,2025-07-15
DH000921,,,Open,,,,2025-07-15
DH000922,,,Open,,,,2025-07-15
DH000923,,,Open,,,,2025-07-15
DH000924,,,Open,,,,2025-07-15
DH000925,,,Open,,,,2025-07-15
DH000926,,,Open,,,,2025-07-15
DH000927,,,Open,,,,2025-07-15
DH000928,,,Open,,,,2025-07-15
DH000929,,,Open,,,,2025-07-15
DH000930,,,Open,,,,2025-07-15
DH000931,,,Open,,,,2025-07-15
DH000932,,,Open,,,,2025-07-15
DH000933,,,Open,,,,2025-07-15
DH000934,,,Open,,,,2025-07-15
DH000935,,,Open,,,,2025-07-15
DH000936,,,Open,,,,2025-07-15
DH000937,,,Open,,,,2025-07-15
DH000938,,,Open,,,,2025-07-15
DH000939,,,Open,,,,2025-07-15
DH000940,,,Open,,,,2025-07-15
DH000941,,,Open,,,,2025-07-15
DH000942,,,Open,,,,2025-07-15
DH000943,,,Open,,,,2025-07-15
DH000944,,,Open,,,,2025-07-15
DH000945,,,Open,,,,2025-07-15
DH000946,,,Open,,,,2025-07-15
DH000947,,,Open,,,,2025-07-15
DH000948,,,Open,,,,2025-07-15
DH000949,,,Open,,,,2025-07-15
DH000950,,,Open,,,,2025-07-15
DH000951,,,Open,,,,2025-07-15
DH000952,,,Open,,,,2025-07-15
DH000953,,,Open,,,,2025-07-15
DH000954,,,Open,,,,2025-07-15
DH000955,,,Open,,,,2025-07-15
DH000956,,,Open,,,,2025-07-15
DH000957,,,Open,,,,2025-07-15
DH000958,,,Open,,,,2025-07-15
DH000959,,,Open,,,,2025-07-15
DH000960,,,Open,,,,2025-07-15
DH000961,,,Open,,,,2025-07-15
DH000962,,,Open,,,,2025-07-15
DH000963,,,Open,,,,2025-07-15
DH000964,,,Open,,,,2025-07-15
DH000965,,,Open,,,,2025-07-15
DH000966,,,Open,,,,2025-07-15
DH000967,,,Open,,,,2025-07-15
DH000968,,,Open,,,,2025-07-15
DH000969,,,Open,,,,2025-07-15
DH000970,,,Open,,,,2025-07-15
DH000971,,,Open,,,,2025-07-15
DH000972,,,Open,,,,2025-07-15
DH000973,,,Open,,,,2025-07-15
DH000974,,,Open,,,,2025-07-15
DH000975,,,Open,,,,2025-08-15
DH000976,,,Open,,,,2025-08-15
DH000977,,,Open,,,,2025-08-15
DH000978,,,Open,,,,2025-08-15
DH000979,,,Open,,,,2025-08-15
DH000980,,,Open,,,,2025-08-15
DH000981,,,Open,,,,2025-08-15
DH000982,,,Open,,,,2025-08-15
DH000983,,,Open,,,,2025-08-15
DH000984,,,Open,,,,2025-08-15
DH000985,,,Open,,,,2025-08-15
DH000986,,,Open,,,,2025-08-15
DH000987,,,Open,,,,2025-08-15
DH000988,,,Open,,,,2025-08-15
DH000989,,,Open,,,,2025-08-15
DH000990,,,Open,,,,2025-08-15
DH000991,,,Open,,,,2025-08-15
DH000992,,,Open,,,,2025-08-15
DH000993,,,Open,,,,2025-08-15
DH000994,,,Open,,,,2025-08-15
DH000995,,,Open,,,,2025-08-15
DH000996,,,Open,,,,2025-08-15
DH000997,,,Open,,,,2025-08-15
DH000998,,,Open,,,,2025-08-15
DH000999,,,Open,,,,2025-08-15
DH001000,,,Open,,,,2025-08-15
DH001001,,,Open,,,,2025-08-15
DH001002,,,Open,,,,2025-08-15
DH001003,,,Open,,,,2025-08-15
DH001004,,,Open,,,,2025-08-15
DH001005,,,Open,,,,2025-08-15
DH001006,,,Open,,,,2025-08-15
DH001007,,,Open,,,,2025-08-15
DH001008,,,Open,,,,2025-08-15
DH001009,,,Open,,,,2025-08-15
DH001010,,,Open,,,,2025-08-15
DH001011,,,Open,,,,2025-08-15
DH001012,,,Open,,,,2025-08-15
DH001013,,,Open,,,,2025-08-15
DH001014,,,Open,,,,2025-08-15
DH001015,,,Open,,,,2025-08-15
DH001016,,,Open,,,,2025-08-15
DH001017,,,Open,,,,2025-08-15
DH001018,,,Open,,,,2025-08-15
DH001019,,,Open,,,,2025-08-15
DH001020,,,Open,,,,2025-08-15
DH001021,,,Open,,,,2025-08-15
DH001022,,,Open,,,,2025-08-15
DH001023,,,Open,,,,2025-08-15
DH001024,,,Open,,,,2025-08-15
DH001025,,,Open,,,,2025-08-15
DH001026,,,Open,,,,2025-08-15
DH001027,,,Open,,,,2025-08-15
DH001028,,,Open,,,,2025-08-15
DH001029,,,Open,,,,2025-08-15
DH001030,,,Open,,,,2025-08-15
DH001031,,,Open,,,,2025-08-15
DH001032,,,Open,,,,2025-08-15
DH001033,,,Open,,,,2025-08-15
DH001034,,,Open,,,,2025-08-15
DH001035,,,Open,,,,2025-08-15
DH001036,,,Open,,,,2025-08-15
DH001037,,,Open,,,,2025-08-15
DH001038,,,Open,,,,2025-08-15
DH001039,,,Open,,,,2025-08-15
DH001040,,,Open,,,,2025-08-15
DH001041,,,Open,,,,2025-08-15
DH001042,,,Open,,,,2025-08-15
DH001043,,,Open,,,,2025-08-15
DH001044,,,Open,,,,2025-08-15
DH001045,,,Open,,,,2025-08-15
DH001046,,,Open,,,,2025-08-15
DH001047,,,Open,,,,2025-08-15
DH001048,,,Open,,,,2025-08-15
DH001049,,,Open,,,,2025-08-15
DH001050,,,Open,,,,2025-08-15
DH001051,,,Open,,,,2025-08-15
DH001052,,,Open,,,,2025-08-15
DH001053,,,Open,,,,2025-08-15
DH001054,,,Open,,,,2025-08-15
DH001055,,,Open,,,,2025-08-15
DH001056,,,Open,,,,2025-08-15
DH001057,,,Open,,,,2025-08-15
DH001058,,,Open,,,,2025-08-15
DH001059,,,Open,,,,2025-08-15
DH001060,,,Open,,,,2025-08-15
DH001061,,,Open,,,,2025-08-15
DH001062,,,Open,,,,2025-08-15
DH001063,,,Open,,,,2025-08-15
DH001064,,,Open,,,,2025-08-15
DH001065,,,Open,,,,2025-08-15
DH001066,,,Open,,,,2025-08-15
DH001067,,,Open,,,,2025-08-15
DH001068,,,Open,,,,2025-08-15
DH001069,,,Open,,,,2025-08-15
DH001070,,,Open,,,,2025-08-15
DH001071,,,Open,,,,2025-08-15
DH001072,,,Open,,,,2025-08-15
DH001073,,,Open,,,,2025-08-15
DH001074,,,Open,,,,2025-08-15
DH001075,,,Open,,,,2025-08-15
DH001076,,,Open,,,,2025-08-15
DH001077,,,Open,,,,2025-08-15
DH001078,,,Open,,,,2025-08-15
DH001079,,,Open,,,,2025-08-15
DH001080,,,Open,,,,2025-08-15
DH001081,,,Open,,,,2025-08-15
DH001082,,,Open,,,,2025-08-15
DH001083,,,Open,,,,2025-08-15
DH001084,,,Open,,,,2025-08-15
DH001085,,,Open,,,,2025-08-15
DH001086,,,Open,,,,2025-08-15
DH001087,,,Open,,,,2025-08-15
DH001088,,,Open,,,,2025-08-15
DH001089,,,Open,,,,2025-08-15
DH001090,,,Open,,,,2025-08-15
DH001091,,,Open,,,,2025-08-15
DH001092,,,Open,,,,2025-08-15
DH001093,,,Open,,,,2025-08-15
DH001094,,,Open,,,,2025-08-15
DH001095,,,Open,,,,2025-08-15
DH001096,,,Open,,,,2025-08-15
DH001097,,,Open,,,,2025-08-15
DH001098,,,Open,,,,2025-08-15
DH001099,,,Open,,,,2025-08-15
DH001100,,,Open,,,,2025-08-15
DH001101,,,Open,,,,2025-08-15
DH001102,,,Open,,,,2025-08-15
DH001103,,,Open,,,,2025-08-15
DH001104,,,Open,,,,2025-08-15
DH001105,,,Open,,,,2025-08-15
DH001106,,,Open,,,,2025-08-15
DH001107,,,Open,,,,2025-08-15
DH001108,,,Open,,,,2025-08-15
DH001109,,,Open,,,,2025-08-15
DH001110,,,Open,,,,2025-08-15
DH001111,,,Open,,,,2025-08-15
DH001112,,,Open,,,,2025-08-15
DH001113,,,Open,,,,2025-08-15
DH001114,,,Open,,,,2025-08-15
DH001115,,,Open,,,,2025-08-15
DH001116,,,Open,,,,2025-08-15
DH001117,,,Open,,,,2025-08-15
DH001118,,,Open,,,,2025-08-15
DH001119,,,Open,,,,2025-08-15
DH001120,,,Open,,,,2025-08-15
DH001121,,,Open,,,,2025-08-15
DH001122,,,Open,,,,2025-08-15
DH001123,,,Open,,,,2025-08-15
DH001124,,,Open,,,,2025-08-15
DH001125,,,Open,,,,2025-08-15
DH001126,,,Open,,,,2025-08-15
DH001127,,,Open,,,,2025-08-15
DH001128,,,Open,,,,2025-08-15
DH001129,,,Open,,,,2025-08-15
DH001130,,,Open,,,,2025-08-15
DH001131,,,Open,,,,2025-08-15
DH001132,,,Open,,,,2025-08-15
DH001133,,,Open,,,,2025-08-15
DH001134,,,Open,,,,2025-08-15
DH001135,,,Open,,,,2025-08-15
DH001136,,,Open,,,,2025-08-15
DH001137,,,Open,,,,2025-08-15
DH001138,,,Open,,,,2025-08-15
DH001139,,,Open,,,,2025-08-15
DH001140,,,Open,,,,2025-08-15
DH001141,,,Open,,,,2025-08-15
DH001142,,,Open,,,,2025-08-15
DH001143,,,Open,,,,2025-08-15
DH001144,,,Open,,,,2025-08-15
DH001145,,,Open,,,,2025-08-15
DH001146,,,Open,,,,2025-08-15
DH001147,,,Open,,,,2025-08-15
DH001148,,,Open,,,,2025-08-15
DH001149,,,Open,,,,2025-08-15
DH001150,,,Open,,,,2025-08-15
DH001151,,,Open,,,,2025-08-15
DH001152,,,Open,,,,2025-08-15
DH001153,,,Open,,,,2025-08-15
DH001154,,,Open,,,,2025-09-15
DH001155,,,Open,,,,2025-09-15
DH001156,,,Open,,,,2025-09-15
DH001157,,,Open,,,,2025-09-15
DH001158,,,Open,,,,2025-09-15
DH001159,,,Open,,,,2025-09-15
DH001160,,,Open,,,,2025-09-15
DH001161,,,Open,,,,2025-09-15
DH001162,,,Open,,,,2025-09-15
DH001163,,,Open,,,,2025-09-15
DH001164,,,Open,,,,2025-09-15
DH001165,,,Open,,,,2025-09-15
DH001166,,,Open,,,,2025-09-15
DH001167,,,Open,,,,2025-09-15
DH001168,,,Open,,,,2025-09-15
DH001169,,,Open,,,,2025-09-15
DH001170,,,Open,,,,2025-09-15
DH001171,,,Open,,,,2025-09-15
DH001172,,,Open,,,,2025-09-15
DH001173,,,Open,,,,2025-09-15
DH001174,,,Open,,,,2025-09-15
DH001175,,,Open,,,,2025-09-15
DH001176,,,Open,,,,2025-09-15
DH001177,,,Open,,,,2025-09-15
DH001178,,,Open,,,,2025-09-15
DH001179,,,Open,,,,2025-09-15
DH001180,,,Open,,,,2025-09-15
DH001181,,,Open,,,,2025-09-15
DH001182,,,Open,,,,2025-09-15
DH001183,,,Open,,,,2025-09-15
DH001184,,,Open,,,,2025-09-15
DH001185,,,Open,,,,2025-09-15
DH001186,,,Open,,,,2025-09-15
DH001187,,,Open,,,,2025-09-15
DH001188,,,Open,,,,2025-09-15
DH001189,,,Open,,,,2025-09-15
DH001190,,,Open,,,,2025-09-15
DH001191,,,Open,,,,2025-09-15
DH001192,,,Open,,,,2025-09-15
DH001193,,,Open,,,,2025-09-15
DH001194,,,Open,,,,2025-09-15
DH001195,,,Open,,,,2025-09-15
DH001196,,,Open,,,,2025-09-15
DH001197,,,Open,,,,2025-09-15
DH001198,,,Open,,,,2025-09-15
DH001199,,,Open,,,,2025-09-15
DH001200,,,Open,,,,2025-09-15
DH001201,,,Open,,,,2025-09-15
DH001202,,,Open,,,,2025-09-15
DH001203,,,Open,,,,2025-09-15
DH001204,,,Open,,,,2025-09-15
DH001205,,,Open,,,,2025-09-15
DH001206,,,Open,,,,2025-09-15
DH001207,,,Open,,,,2025-09-15
DH001208,,,Open,,,,2025-09-15
DH001209,,,Open,,,,2025-09-15
DH001210,,,Open,,,,2025-09-15
DH001211,,,Open,,,,2025-09-15
DH001212,,,Open,,,,2025-09-15
DH001213,,,Open,,,,2025-09-15
DH001214,,,Open,,,,2025-09-15
DH001215,,,Open,,,,2025-09-15
DH001216,,,Open,,,,2025-09-15
DH001217,,,Open,,,,2025-09-15
DH001218,,,Open,,,,2025-09-15
DH001219,,,Open,,,,2025-09-15
DH001220,,,Open,,,,2025-09-15
DH001221,,,Open,,,,2025-09-15
DH001222,,,Open,,,,2025-09-15
DH001223,,,Open,,,,2025-09-15
DH001224,,,Open,,,,2025-09-15
DH001225,,,Open,,,,2025-09-15
DH001226,,,Open,,,,2025-09-15
DH001227,,,Open,,,,2025-09-15
DH001228,,,Open,,,,2025-09-15
DH001229,,,Open,,,,2025-09-15
DH001230,,,Open,,,,2025-09-15
DH001231,,,Open,,,,2025-09-15
DH001232,,,Open,,,,2025-09-15
DH001233,,,Open,,,,2025-09-15
DH001234,,,Open,,,,2025-09-15
DH001235,,,Open,,,,2025-09-15
DH001236,,,Open,,,,2025-09-15
DH001237,,,Open,,,,2025-09-15
DH001238,,,Open,,,,2025-09-15
DH001239,,,Open,,,,2025-09-15
DH001240,,,Open,,,,2025-09-15
DH001241,,,Open,,,,2025-09-15
DH001242,,,Open,,,,2025-09-15
DH001243,,,Open,,,,2025-09-15
DH001244,,,Open,,,,2025-09-15
DH001245,,,Open,,,,2025-09-15
DH001246,,,Open,,,,2025-09-15
DH001247,,,Open,,,,2025-09-15
DH001248,,,Open,,,,2025-09-15
DH001249,,,Open,,,,2025-09-15
DH001250,,,Open,,,,2025-09-15
DH001251,,,Open,,,,2025-09-15
DH001252,,,Open,,,,2025-09-15
DH001253,,,Open,,,,2025-09-15
DH001254,,,Open,,,,2025-09-15
DH001255,,,Open,,,,2025-09-15
DH001256,,,Open,,,,2025-09-15
DH001257,,,Open,,,,2025-09-15
DH001258,,,Open,,,,2025-09-15
DH001259,,,Open,,,,2025-09-15
DH001260,,,Open,,,,2025-09-15
DH001261,,,Open,,,,2025-09-15
DH001262,,,Open,,,,2025-09-15
DH001263,,,Open,,,,2025-09-15
DH001264,,,Open,,,,2025-09-15
DH001265,,,Open,,,,2025-09-15
DH001266,,,Open,,,,2025-09-15
DH001267,,,Open,,,,2025-09-15
DH001268,,,Open,,,,2025-09-15
DH001269,,,Open,,,,2025-09-15
DH001270,,,Open,,,,2025-09-15
DH001271,,,Open,,,,2025-09-15
DH001272,,,Open,,,,2025-09-15
DH001273,,,Open,,,,2025-09-15
DH001274,,,Open,,,,2025-09-15
DH001275,,,Open,,,,2025-09-15
DH001276,,,Open,,,,2025-09-15
DH001277,,,Open,,,,2025-09-15
DH001278,,,Open,,,,2025-09-15
DH001279,,,Open,,,,2025-09-15
DH001280,,,Open,,,,2025-09-15
DH001281,,,Open,,,,2025-09-15
DH001282,,,Open,,,,2025-09-15
DH001283,,,Open,,,,2025-09-15
DH001284,,,Open,,,,2025-09-15
DH001285,,,Open,,,,2025-09-15
DH001286,,,Open,,,,2025-09-15
DH001287,,,Open,,,,2025-09-15
DH001288,,,Open,,,,2025-09-15
DH001289,,,Open,,,,2025-09-15
DH001290,,,Open,,,,2025-09-15
DH001291,,,Open,,,,2025-09-15
DH001292,,,Open,,,,2025-09-15
DH001293,,,Open,,,,2025-09-15
DH001294,,,Open,,,,2025-09-15
DH001295,,,Open,,,,2025-09-15
DH001296,,,Open,,,,2025-10-15
DH001297,,,Open,,,,2025-10-15
DH001298,,,Open,,,,2025-10-15
DH001299,,,Open,,,,2025-10-15
DH001300,,,Open,,,,2025-10-15
DH001301,,,Open,,,,2025-10-15
DH001302,,,Open,,,,2025-10-15
DH001303,,,Open,,,,2025-10-15
DH001304,,,Open,,,,2025-10-15
DH001305,,,Open,,,,2025-10-15
DH001306,,,Open,,,,2025-10-15
DH001307,,,Open,,,,2025-10-15
DH001308,,,Open,,,,2025-10-15
DH001309,,,Open,,,,2025-10-15
DH001310,,,Open,,,,2025-10-15
DH001311,,,Open,,,,2025-10-15
DH001312,,,Open,,,,2025-10-15
DH001313,,,Open,,,,2025-10-15
DH001314,,,Open,,,,2025-10-15
DH001315,,,Open,,,,2025-10-15
DH001316,,,Open,,,,2025-10-15
DH001317,,,Open,,,,2025-10-15
DH001318,,,Open,,,,2025-10-15
DH001319,,,Open,,,,2025-10-15
DH001320,,,Open,,,,2025-10-15
DH001321,,,Open,,,,2025-10-15
DH001322,,,Open,,,,2025-10-15
DH001323,,,Open,,,,2025-10-15
DH001324,,,Open,,,,2025-10-15
DH001325,,,Open,,,,2025-10-15
DH001326,,,Open,,,,2025-10-15
DH001327,,,Open,,,,2025-10-15
DH001328,,,Open,,,,2025-10-15
DH001329,,,Open,,,,2025-10-15
DH001330,,,Open,,,,2025-10-15
DH001331,,,Open,,,,2025-10-15
DH001332,,,Open,,,,2025-10-15
DH001333,,,Open,,,,2025-10-15
DH001334,,,Open,,,,2025-10-15
DH001335,,,Open,,,,2025-10-15
DH001336,,,Open,,,,2025-10-15
DH001337,,,Open,,,,2025-10-15
DH001338,,,Open,,,,2025-10-15
DH001339,,,Open,,,,2025-10-15
DH001340,,,Open,,,,2025-10-15
DH001341,,,Open,,,,2025-10-15
DH001342,,,Open,,,,2025-10-15
DH001343,,,Open,,,,2025-10-15
DH001344,,,Open,,,,2025-10-15
DH001345,,,Open,,,,2025-10-15
DH001346,,,Open,,,,2025-10-15
DH001347,,,Open,,,,2025-10-15
DH001348,,,Open,,,,2025-10-15
DH001349,,,Open,,,,2025-10-15
DH001350,,,Open,,,,2025-10-15
DH001351,,,Open,,,,2025-10-15
DH001352,,,Open,,,,2025-10-15
DH001353,,,Open,,,,2025-10-15
DH001354,,,Open,,,,2025-10-15
DH001355,,,Open,,,,2025-10-15
DH001356,,,Open,,,,2025-10-15
DH001357,,,Open,,,,2025-10-15
DH001358,,,Open,,,,2025-10-15
DH001359,,,Open,,,,2025-10-15
DH001360,,,Open,,,,2025-10-15
DH001361,,,Open,,,,2025-10-15
DH001362,,,Open,,,,2025-10-15
DH001363,,,Open,,,,2025-10-15
DH001364,,,Open,,,,2025-10-15
DH001365,,,Open,,,,2025-10-15
DH001366,,,Open,,,,2025-10-15
DH001367,,,Open,,,,2025-10-15
DH001368,,,Open,,,,2025-10-15
DH001369,,,Open,,,,2025-10-15
DH001370,,,Open,,,,2025-10-15
DH001371,,,Open,,,,2025-10-15
DH001372,,,Open,,,,2025-10-15
DH001373,,,Open,,,,2025-10-15
DH001374,,,Open,,,,2025-10-15
DH001375,,,Open,,,,2025-10-15
DH001376,,,Open,,,,2025-10-15
DH001377,,,Open,,,,2025-10-15
DH001378,,,Open,,,,2025-10-15
DH001379,,,Open,,,,2025-10-15
DH001380,,,Open,,,,2025-10-15
DH001381,,,Open,,,,2025-10-15
DH001382,,,Open,,,,2025-10-15
DH001383,,,Open,,,,2025-10-15
DH001384,,,Open,,,,2025-10-15
DH001385,,,Open,,,,2025-10-15
DH001386,,,Open,,,,2025-10-15
DH001387,,,Open,,,,2025-10-15
DH001388,,,Open,,,,2025-10-15
DH001389,,,Open,,,,2025-10-15
DH001390,,,Open,,,,2025-10-15
DH001391,,,Open,,,,2025-10-15
DH001392,,,Open,,,,2025-10-15
DH001393,,,Open,,,,2025-10-15
DH001394,,,Open,,,,2025-10-15
DH001395,,,Open,,,,2025-10-15
DH001396,,,Open,,,,2025-10-15
DH001397,,,Open,,,,2025-10-15
DH001398,,,Open,,,,2025-10-15
DH001399,,,Open,,,,2025-10-15
DH001400,,,Open,,,,2025-10-15
DH001401,,,Open,,,,2025-10-15
DH001402,,,Open,,,,2025-10-15
DH001403,,,Open,,,,2025-10-15
DH001404,,,Open,,,,2025-10-15
DH001405,,,Open,,,,2025-10-15
DH001406,,,Open,,,,2025-10-15
DH001407,,,Open,,,,2025-10-15
DH001408,,,Open,,,,2025-10-15
DH001409,,,Open,,,,2025-10-15
DH001410,,,Open,,,,2025-10-15
DH001411,,,Open,,,,2025-10-15
DH001412,,,Open,,,,2025-10-15
DH001413,,,Open,,,,2025-10-15
DH001414,,,Open,,,,2025-10-15
DH001415,,,Open,,,,2025-10-15
DH001416,,,Open,,,,2025-10-15
DH001417,,,Open,,,,2025-10-15
DH001418,,,Open,,,,2025-10-15
DH001419,,,Open,,,,2025-10-15
DH001420,,,Open,,,,2025-10-15
DH001421,,,Open,,,,2025-10-15
DH001422,,,Open,,,,2025-10-15
DH001423,,,Open,,,,2025-10-15
DH001424,,,Open,,,,2025-10-15
DH001425,,,Open,,,,2025-10-15
DH001426,,,Open,,,,2025-10-15
DH001427,,,Open,,,,2025-10-15
DH001428,,,Open,,,,2025-10-15
DH001429,,,Open,,,,2025-10-15
DH001430,,,Open,,,,2025-10-15
DH001431,,,Open,,,,2025-10-15
DH001432,,,Open,,,,2025-10-15
DH001433,,,Open,,,,2025-10-15
DH001434,,,Open,,,,2025-10-15
DH001435,,,Open,,,,2025-10-15
DH001436,,,Open,,,,2025-10-15
DH001437,,,Open,,,,2025-10-15
DH001438,,,Open,,,,2025-10-15
DH001439,,,Open,,,,2025-10-15
DH001440,,,Open,,,,2025-10-15
DH001441,,,Open,,,,2025-10-15
DH001442,,,Open,,,,2025-10-15
DH001443,,,Open,,,,2025-10-15
DH001444,,,Open,,,,2025-10-15
DH001445,,,Open,,,,2025-10-15
DH001446,,,Open,,,,2025-10-15
DH001447,,,Open,,,,2025-10-15
DH001448,,,Open,,,,2025-10-15
DH001449,,,Open,,,,2025-10-15
DH001450,,,Open,,,,2025-10-15
DH001451,,,Open,,,,2025-10-15
DH001452,,,Open,,,,2025-10-15
DH001453,,,Open,,,,2025-10-15
DH001454,,,Open,,,,2025-10-15
DH001455,,,Open,,,,2025-10-15
DH001456,,,Open,,,,2025-10-15
DH001457,,,Open,,,,2025-11-15
DH001458,,,Open,,,,2025-11-15
DH001459,,,Open,,,,2025-11-15
DH001460,,,Open,,,,2025-11-15
DH001461,,,Open,,,,2025-11-15
DH001462,,,Open,,,,2025-11-15
DH001463,,,Open,,,,2025-11-15
DH001464,,,Open,,,,2025-11-15
DH001465,,,Open,,,,2025-11-15
DH001466,,,Open,,,,2025-11-15
DH001467,,,Open,,,,2025-11-15
DH001468,,,Open,,,,2025-11-15
DH001469,,,Open,,,,2025-11-15
DH001470,,,Open,,,,2025-11-15
DH001471,,,Open,,,,2025-11-15
DH001472,,,Open,,,,2025-11-15
DH001473,,,Open,,,,2025-11-15
DH001474,,,Open,,,,2025-11-15
DH001475,,,Open,,,,2025-11-15
DH001476,,,Open,,,,2025-11-15
DH001477,,,Open,,,,2025-11-15
DH001478,,,Open,,,,2025-11-15
DH001479,,,Open,,,,2025-11-15
DH001480,,,Open,,,,2025-11-15
DH001481,,,Open,,,,2025-11-15
DH001482,,,Open,,,,2025-11-15
DH001483,,,Open,,,,2025-11-15
DH001484,,,Open,,,,2025-11-15
DH001485,,,Open,,,,2025-11-15
DH001486,,,Open,,,,2025-11-15
DH001487,,,Open,,,,2025-11-15
DH001488,,,Open,,,,2025-11-15
DH001489,,,Open,,,,2025-11-15
DH001490,,,Open,,,,2025-11-15
DH001491,,,Open,,,,2025-11-15
DH001492,,,Open,,,,2025-11-15
DH001493,,,Open,,,,2025-11-15
DH001494,,,Open,,,,2025-11-15
DH001495,,,Open,,,,2025-11-15
DH001496,,,Open,,,,2025-11-15
DH001497,,,Open,,,,2025-11-15
DH001498,,,Open,,,,2025-11-15
DH001499,,,Open,,,,2025-11-15
DH001500,,,Open,,,,2025-11-15
DH001501,,,Open,,,,2025-11-15
DH001502,,,Open,,,,2025-11-15
DH001503,,,Open,,,,2025-11-15
DH001504,,,Open,,,,2025-11-15
DH001505,,,Open,,,,2025-11-15
DH001506,,,Open,,,,2025-11-15
DH001507,,,Open,,,,2025-11-15
DH001508,,,Open,,,,2025-11-15
DH001509,,,Open,,,,2025-11-15
DH001510,,,Open,,,,2025-11-15
DH001511,,,Open,,,,2025-11-15
DH001512,,,Open,,,,2025-11-15
DH001513,,,Open,,,,2025-11-15
DH001514,,,Open,,,,2025-11-15
DH001515,,,Open,,,,2025-11-15
DH001516,,,Open,,,,2025-11-15
DH001517,,,Open,,,,2025-11-15
DH001518,,,Open,,,,2025-11-15
DH001519,,,Open,,,,2025-11-15
DH001520,,,Open,,,,2025-11-15
DH001521,,,Open,,,,2025-11-15
DH001522,,,Open,,,,2025-11-15
DH001523,,,Open,,,,2025-11-15
DH001524,,,Open,,,,2025-11-15
DH001525,,,Open,,,,2025-11-15
DH001526,,,Open,,,,2025-11-15
DH001527,,,Open,,,,2025-11-15
DH001528,,,Open,,,,2025-11-15
DH001529,,,Open,,,,2025-11-15
DH001530,,,Open,,,,2025-11-15
DH001531,,,Open,,,,2025-11-15
DH001532,,,Open,,,,2025-11-15
DH001533,,,Open,,,,2025-11-15
DH001534,,,Open,,,,2025-11-15
DH001535,,,Open,,,,2025-11-15
DH001536,,,Open,,,,2025-11-15
DH001537,,,Open,,,,2025-11-15
DH001538,,,Open,,,,2025-11-15
DH001539,,,Open,,,,2025-11-15
DH001540,,,Open,,,,2025-11-15
DH001541,,,Open,,,,2025-11-15
DH001542,,,Open,,,,2025-11-15
DH001543,,,Open,,,,2025-11-15
DH001544,,,Open,,,,2025-11-15
DH001545,,,Open,,,,2025-11-15
DH001546,,,Open,,,,2025-11-15
DH001547,,,Open,,,,2025-11-15
DH001548,,,Open,,,,2025-11-15
DH001549,,,Open,,,,2025-11-15
DH001550,,,Open,,,,2025-11-15
DH001551,,,Open,,,,2025-11-15
DH001552,,,Open,,,,2025-11-15
DH001553,,,Open,,,,2025-11-15
DH001554,,,Open,,,,2025-11-15
DH001555,,,Open,,,,2025-11-15
DH001556,,,Open,,,,2025-11-15
DH001557,,,Open,,,,2025-11-15
DH001558,,,Open,,,,2025-11-15
DH001559,,,Open,,,,2025-11-15
DH001560,,,Open,,,,2025-11-15
DH001561,,,Open,,,,2025-11-15
DH001562,,,Open,,,,2025-11-15
DH001563,,,Open,,,,2025-11-15
DH001564,,,Open,,,,2025-11-15
DH001565,,,Open,,,,2025-11-15
DH001566,,,Open,,,,2025-11-15
DH001567,,,Open,,,,2025-11-15
DH001568,,,Open,,,,2025-11-15
DH001569,,,Open,,,,2025-11-15
DH001570,,,Open,,,,2025-11-15
DH001571,,,Open,,,,2025-11-15
DH001572,,,Open,,,,2025-11-15
DH001573,,,Open,,,,2025-11-15
DH001574,,,Open,,,,2025-11-15
DH001575,,,Open,,,,2025-11-15
DH001576,,,Open,,,,2025-11-15
DH001577,,,Open,,,,2025-11-15
DH001578,,,Open,,,,2025-11-15
DH001579,,,Open,,,,2025-11-15
DH001580,,,Open,,,,2025-11-15
DH001581,,,Open,,,,2025-11-15
DH001582,,,Open,,,,2025-11-15
DH001583,,,Open,,,,2025-11-15
DH001584,,,Open,,,,2025-11-15
DH001585,,,Open,,,,2025-11-15
DH001586,,,Open,,,,2025-11-15
DH001587,,,Open,,,,2025-11-15
DH001588,,,Open,,,,2025-11-15
DH001589,,,Open,,,,2025-11-15
DH001590,,,Open,,,,2025-11-15
DH001591,,,Open,,,,2025-11-15
DH001592,,,Open,,,,2025-11-15
DH001593,,,Open,,,,2025-11-15
DH001594,,,Open,,,,2025-11-15
DH001595,,,Open,,,,2025-11-15
DH001596,,,Open,,,,2025-11-15
DH001597,,,Open,,,,2025-11-15
DH001598,,,Open,,,,2025-11-15
DH001599,,,Open,,,,2025-11-15
DH001600,,,Open,,,,2025-11-15
DH001601,,,Open,,,,2025-11-15
DH001602,,,Open,,,,2025-12-15
DH001603,,,Open,,,,2025-12-15
DH001604,,,Open,,,,2025-12-15
DH001605,,,Open,,,,2025-12-15
DH001606,,,Open,,,,2025-12-15
DH001607,,,Open,,,,2025-12-15
DH001608,,,Open,,,,2025-12-15
DH001609,,,Open,,,,2025-12-15
DH001610,,,Open,,,,2025-12-15
DH001611,,,Open,,,,2025-12-15
DH001612,,,Open,,,,2025-12-15
DH001613,,,Open,,,,2025-12-15
DH001614,,,Open,,,,2025-12-15
DH001615,,,Open,,,,2025-12-15
DH001616,,,Open,,,,2025-12-15
DH001617,,,Open,,,,2025-12-15
DH001618,,,Open,,,,2025-12-15
DH001619,,,Open,,,,2025-12-15
DH001620,,,Open,,,,2025-12-15
DH001621,,,Open,,,,2025-12-15
DH001622,,,Open,,,,2025-12-15
DH001623,,,Open,,,,2025-12-15
DH001624,,,Open,,,,2025-12-15
DH001625,,,Open,,,,2025-12-15
DH001626,,,Open,,,,2025-12-15
DH001627,,,Open,,,,2025-12-15
DH001628,,,Open,,,,2025-12-15
DH001629,,,Open,,,,2025-12-15
DH001630,,,Open,,,,2025-12-15
DH001631,,,Open,,,,2025-12-15
DH001632,,,Open,,,,2025-12-15
DH001633,,,Open,,,,2025-12-15
DH001634,,,Open,,,,2025-12-15
DH001635,,,Open,,,,2025-12-15
DH001636,,,Open,,,,2025-12-15
DH001637,,,Open,,,,2025-12-15
DH001638,,,Open,,,,2025-12-15
DH001639,,,Open,,,,2025-12-15
DH001640,,,Open,,,,2025-12-15
DH001641,,,Open,,,,2025-12-15
DH001642,,,Open,,,,2025-12-15
DH001643,,,Open,,,,2025-12-15
DH001644,,,Open,,,,2025-12-15
DH001645,,,Open,,,,2025-12-15
DH001646,,,Open,,,,2025-12-15
DH001647,,,Open,,,,2025-12-15
DH001648,,,Open,,,,2025-12-15
DH001649,,,Open,,,,2025-12-15
DH001650,,,Open,,,,2025-12-15
DH001651,,,Open,,,,2025-12-15
DH001652,,,Open,,,,2025-12-15
DH001653,,,Open,,,,2025-12-15
DH001654,,,Open,,,,2025-12-15
DH001655,,,Open,,,,2025-12-15
DH001656,,,Open,,,,2025-12-15
DH001657,,,Open,,,,2025-12-15
DH001658,,,Open,,,,2025-12-15
DH001659,,,Open,,,,2025-12-15
DH001660,,,Open,,,,2025-12-15
DH001661,,,Open,,,,2025-12-15
DH001662,,,Open,,,,2025-12-15
DH001663,,,Open,,,,2025-12-15
DH001664,,,Open,,,,2025-12-15
DH001665,,,Open,,,,2025-12-15
DH001666,,,Open,,,,2025-12-15
DH001667,,,Open,,,,2025-12-15
DH001668,,,Open,,,,2025-12-15
DH001669,,,Open,,,,2025-12-15
DH001670,,,Open,,,,2025-12-15
DH001671,,,Open,,,,2025-12-15
DH001672,,,Open,,,,2025-12-15
DH001673,,,Open,,,,2025-12-15
DH001674,,,Open,,,,2025-12-15
DH001675,,,Open,,,,2025-12-15
DH001676,,,Open,,,,2025-12-15
DH001677,,,Open,,,,2025-12-15
DH001678,,,Open,,,,2025-12-15
DH001679,,,Open,,,,2025-12-15
DH001680,,,Open,,,,2025-12-15
DH001681,,,Open,,,,2025-12-15
DH001682,,,Open,,,,2025-12-15
DH001683,,,Open,,,,2025-12-15
DH001684,,,Open,,,,2025-12-15
DH001685,,,Open,,,,2025-12-15
DH001686,,,Open,,,,2025-12-15
DH001687,,,Open,,,,2025-12-15
DH001688,,,Open,,,,2025-12-15
DH001689,,,Open,,,,2025-12-15
DH001690,,,Open,,,,2025-12-15
DH001691,,,Open,,,,2025-12-15
DH001692,,,Open,,,,2025-12-15
DH001693,,,Open,,,,2025-12-15
DH001694,,,Open,,,,2025-12-15
DH001695,,,Open,,,,2025-12-15
DH001696,,,Open,,,,2025-12-15
DH001697,,,Open,,,,2025-12-15
DH001698,,,Open,,,,2025-12-15
DH001699,,,Open,,,,2025-12-15
DH001700,,,Open,,,,2025-12-15
DH001701,,,Open,,,,2025-12-15
DH001702,,,Open,,,,2025-12-15
DH001703,,,Open,,,,2025-12-15
DH001704,,,Open,,,,2025-12-15
DH001705,,,Open,,,,2025-12-15
DH001706,,,Open,,,,2025-12-15
DH001707,,,Open,,,,2025-12-15
DH001708,,,Open,,,,2025-12-15
DH001709,,,Open,,,,2025-12-15
DH001710,,,Open,,,,2025-12-15
DH001711,,,Open,,,,2025-12-15
DH001712,,,Open,,,,2025-12-15
DH001713,,,Open,,,,2025-12-15
DH001714,,,Open,,,,2025-12-15
DH001715,,,Open,,,,2025-12-15
DH001716,,,Open,,,,2025-12-15
DH001717,,,Open,,,,2025-12-15
DH001718,,,Open,,,,2025-12-15
DH001719,,,Open,,,,2025-12-15
DH001720,,,Open,,,,2025-12-15
DH001721,,,Open,,,,2025-12-15
DH001722,,,Open,,,,2025-12-15
DH001723,,,Open,,,,2025-12-15
DH001724,,,Open,,,,2025-12-15
DH001725,,,Open,,,,2025-12-15
DH001726,,,Open,,,,2025-12-15
DH001727,,,Open,,,,2025-12-15
DH001728,,,Open,,,,2025-12-15
DH001729,,,Open,,,,2025-12-15
DH001730,,,Open,,,,2025-12-15
DH001731,,,Open,,,,2025-12-15
DH001732,,,Open,,,,2025-12-15
DH001733,,,Open,,,,2025-12-15
DH001734,,,Open,,,,2025-12-15
DH001735,,,Open,,,,2025-12-15
DH001736,,,Open,,,,2026-01-15
DH001737,,,Open,,,,2026-01-15
DH001738,,,Open,,,,2026-01-15
DH001739,,,Open,,,,2026-01-15
DH001740,,,Open,,,,2026-01-15
DH001741,,,Open,,,,2026-01-15
DH001742,,,Open,,,,2026-01-15
DH001743,,,Open,,,,2026-01-15
DH001744,,,Open,,,,2026-01-15
DH001745,,,Open,,,,2026-01-15
DH001746,,,Open,,,,2026-01-15
DH001747,,,Open,,,,2026-01-15
DH001748,,,Open,,,,2026-01-15
DH001749,,,Open,,,,2026-01-15
DH001750,,,Open,,,,2026-01-15
DH001751,,,Open,,,,2026-01-15
DH001752,,,Open,,,,2026-01-15
DH001753,,,Open,,,,2026-01-15
DH001754,,,Open,,,,2026-01-15
DH001755,,,Open,,,,2026-01-15
DH001756,,,Open,,,,2026-01-15
DH001757,,,Open,,,,2026-01-15
DH001758,,,Open,,,,2026-01-15
DH001759,,,Open,,,,2026-01-15
DH001760,,,Open,,,,2026-01-15
DH001761,,,Open,,,,2026-01-15
DH001762,,,Open,,,,2026-01-15
DH001763,,,Open,,,,2026-01-15
DH001764,,,Open,,,,2026-01-15
DH001765,,,Open,,,,2026-01-15
DH001766,,,Open,,,,2026-01-15
DH001767,,,Open,,,,2026-01-15
DH001768,,,Open,,,,2026-01-15
DH001769,,,Open,,,,2026-01-15
DH001770,,,Open,,,,2026-01-15
DH001771,,,Open,,,,2026-01-15
DH001772,,,Open,,,,2026-01-15
DH001773,,,Open,,,,2026-01-15
DH001774,,,Open,,,,2026-01-15
DH001775,,,Open,,,,2026-01-15
DH001776,,,Open,,,,2026-01-15
DH001777,,,Open,,,,2026-01-15
DH001778,,,Open,,,,2026-01-15
DH001779,,,Open,,,,2026-01-15
DH001780,,,Open,,,,2026-01-15
DH001781,,,Open,,,,2026-01-15
DH001782,,,Open,,,,2026-01-15
DH001783,,,Open,,,,2026-01-15
DH001784,,,Open,,,,2026-01-15
DH001785,,,Open,,,,2026-01-15
DH001786,,,Open,,,,2026-01-15
DH001787,,,Open,,,,2026-01-15
DH001788,,,Open,,,,2026-01-15
DH001789,,,Open,,,,2026-01-15
DH001790,,,Open,,,,2026-01-15
DH001791,,,Open,,,,2026-01-15
DH001792,,,Open,,,,2026-01-15
DH001793,,,Open,,,,2026-01-15
DH001794,,,Open,,,,2026-01-15
DH001795,,,Open,,,,2026-01-15
DH001796,,,Open,,,,2026-01-15
DH001797,,,Open,,,,2026-01-15
DH001798,,,Open,,,,2026-01-15
DH001799,,,Open,,,,2026-01-15
DH001800,,,Open,,,,2026-01-15
DH001801,,,Open,,,,2026-01-15
DH001802,,,Open,,,,2026-01-15
DH001803,,,Open,,,,2026-01-15
DH001804,,,Open,,,,2026-01-15
DH001805,,,Open,,,,2026-01-15
DH001806,,,Open,,,,2026-01-15
DH001807,,,Open,,,,2026-01-15
DH001808,,,Open,,,,2026-01-15
DH001809,,,Open,,,,2026-01-15
DH001810,,,Open,,,,2026-01-15
DH001811,,,Open,,,,2026-01-15
DH001812,,,Open,,,,2026-01-15
DH001813,,,Open,,,,2026-01-15
DH001814,,,Open,,,,2026-01-15
DH001815,,,Open,,,,2026-01-15
DH001816,,,Open,,,,2026-01-15
DH001817,,,Open,,,,2026-01-15
DH001818,,,Open,,,,2026-01-15
DH001819,,,Open,,,,2026-01-15
DH001820,,,Open,,,,2026-01-15
DH001821,,,Open,,,,2026-01-15
DH001822,,,Open,,,,2026-01-15
DH001823,,,Open,,,,2026-01-15
DH001824,,,Open,,,,2026-01-15
DH001825,,,Open,,,,2026-01-15
DH001826,,,Open,,,,2026-01-15
DH001827,,,Open,,,,2026-01-15
DH001828,,,Open,,,,2026-01-15
DH001829,,,Open,,,,2026-01-15
DH001830,,,Open,,,,2026-01-15
DH001831,,,Open,,,,2026-01-15
DH001832,,,Open,,,,2026-01-15
DH001833,,,Open,,,,2026-01-15
DH001834,,,Open,,,,2026-01-15
DH001835,,,Open,,,,2026-01-15
DH001836,,,Open,,,,2026-01-15
DH001837,,,Open,,,,2026-01-15
DH001838,,,Open,,,,2026-01-15
DH001839,,,Open,,,,2026-01-15
DH001840,,,Open,,,,2026-01-15
DH001841,,,Open,,,,2026-01-15
DH001842,,,Open,,,,2026-01-15
DH001843,,,Open,,,,2026-01-15
DH001844,,,Open,,,,2026-01-15
DH001845,,,Open,,,,2026-01-15
DH001846,,,Open,,,,2026-01-15
DH001847,,,Open,,,,2026-01-15
DH001848,,,Open,,,,2026-01-15
DH001849,,,Open,,,,2026-01-15
DH001850,,,Open,,,,2026-01-15
DH001851,,,Open,,,,2026-01-15
DH001852,,,Open,,,,2026-01-15
DH001853,,,Open,,,,2026-01-15
DH001854,,,Open,,,,2026-01-15
DH001855,,,Open,,,,2026-01-15
DH001856,,,Open,,,,2026-01-15
DH001857,,,Open,,,,2026-01-15
DH001858,,,Open,,,,2026-01-15
DH001859,,,Open,,,,2026-01-15
DH001860,,,Open,,,,2026-01-15
DH001861,,,Open,,,,2026-01-15
DH001862,,,Open,,,,2026-01-15
DH001863,,,Open,,,,2026-01-15
DH001864,,,Open,,,,2026-01-15
DH001865,,,Open,,,,2026-01-15
DH001866,,,Open,,,,2026-01-15
DH001867,,,Open,,,,2026-01-15
DH001868,,,Open,,,,2026-01-15
DH001869,,,Open,,,,2026-01-15
DH001870,,,Open,,,,2026-01-15
DH001871,,,Open,,,,2026-01-15
DH001872,,,Open,,,,2026-01-15
DH001873,,,Open,,,,2026-01-15
DH001874,,,Open,,,,2026-01-15
DH001875,,,Open,,,,2026-01-15
DH001876,,,Open,,,,2026-01-15
DH001877,,,Open,,,,2026-01-15
DH001878,,,Open,,,,2026-01-15
DH001879,,,Open,,,,2026-01-15
DH001880,,,Open,,,,2026-01-15
DH001881,,,Open,,,,2026-01-15
DH001882,,,Open,,,,2026-01-15
DH001883,,,Open,,,,2026-01-15
DH001884,,,Open,,,,2026-01-15
DH001885,,,Open,,,,2026-01-15
DH001886,,,Open,,,,2026-01-15
DH001887,,,Open,,,,2026-01-15
DH001888,,,Open,,,,2026-01-15
DH001889,,,Open,,,,2026-01-15
DH001890,,,Open,,,,2026-01-15
DH001891,,,Open,,,,2026-01-15
DH001892,,,Open,,,,2026-01-15
DH001893,,,Open,,,,2026-01-15
DH001894,,,Open,,,,2026-01-15
DH001895,,,Open,,,,2026-01-15
DH001896,,,Open,,,,2026-01-15
DH001897,,,Open,,,,2026-01-15
DH001898,,,Open,,,,2026-01-15
DH001899,,,Open,,,,2026-01-15
DH001900,,,Open,,,,2026-01-15
DH001901,,,Open,,,,2026-01-15
DH001902,,,Open,,,,2026-01-15
DH001903,,,Open,,,,2026-01-15
DH001904,,,Open,,,,2026-01-15
DH001905,,,Open,,,,2026-01-15
DH001906,,,Open,,,,2026-01-15
DH001907,,,Open,,,,2026-01-15
DH001908,,,Open,,,,2026-01-15
DH001909,,,Open,,,,2026-01-15
DH001910,,,Open,,,,2026-01-15
DH001911,,,Open,,,,2026-02-15
DH001912,,,Open,,,,2026-02-15
DH001913,,,Open,,,,2026-02-15
DH001914,,,Open,,,,2026-02-15
DH001915,,,Open,,,,2026-02-15
DH001916,,,Open,,,,2026-02-15
DH001917,,,Open,,,,2026-02-15
DH001918,,,Open,,,,2026-02-15
DH001919,,,Open,,,,2026-02-15
DH001920,,,Open,,,,2026-02-15
DH001921,,,Open,,,,2026-02-15
DH001922,,,Open,,,,2026-02-15
DH001923,,,Open,,,,2026-02-15
DH001924,,,Open,,,,2026-02-15
DH001925,,,Open,,,,2026-02-15
DH001926,,,Open,,,,2026-02-15
DH001927,,,Open,,,,2026-02-15
DH001928,,,Open,,,,2026-02-15
DH001929,,,Open,,,,2026-02-15
DH001930,,,Open,,,,2026-02-15
DH001931,,,Open,,,,2026-02-15
DH001932,,,Open,,,,2026-02-15
DH001933,,,Open,,,,2026-02-15
DH001934,,,Open,,,,2026-02-15
DH001935,,,Open,,,,2026-02-15
DH001936,,,Open,,,,2026-02-15
DH001937,,,Open,,,,2026-02-15
DH001938,,,Open,,,,2026-02-15
DH001939,,,Open,,,,2026-02-15
DH001940,,,Open,,,,2026-02-15
DH001941,,,Open,,,,2026-02-15
DH001942,,,Open,,,,2026-02-15
DH001943,,,Open,,,,2026-02-15
DH001944,,,Open,,,,2026-02-15
DH001945,,,Open,,,,2026-02-15
DH001946,,,Open,,,,2026-02-15
DH001947,,,Open,,,,2026-02-15
DH001948,,,Open,,,,2026-02-15
DH001949,,,Open,,,,2026-02-15
DH001950,,,Open,,,,2026-02-15
DH001951,,,Open,,,,2026-02-15
DH001952,,,Open,,,,2026-02-15
DH001953,,,Open,,,,2026-02-15
DH001954,,,Open,,,,2026-02-15
DH001955,,,Open,,,,2026-02-15
DH001956,,,Open,,,,2026-02-15
DH001957,,,Open,,,,2026-02-15
DH001958,,,Open,,,,2026-02-15
DH001959,,,Open,,,,2026-02-15
DH001960,,,Open,,,,2026-02-15
DH001961,,,Open,,,,2026-02-15
DH001962,,,Open,,,,2026-02-15
DH001963,,,Open,,,,2026-02-15
DH001964,,,Open,,,,2026-02-15
DH001965,,,Open,,,,2026-02-15
DH001966,,,Open,,,,2026-02-15
DH001967,,,Open,,,,2026-02-15
DH001968,,,Open,,,,2026-02-15
DH001969,,,Open,,,,2026-02-15
DH001970,,,Open,,,,2026-02-15
DH001971,,,Open,,,,2026-02-15
DH001972,,,Open,,,,2026-02-15
DH001973,,,Open,,,,2026-02-15
DH001974,,,Open,,,,2026-02-15
DH001975,,,Open,,,,2026-02-15
DH001976,,,Open,,,,2026-02-15
DH001977,,,Open,,,,2026-02-15
DH001978,,,Open,,,,2026-02-15
DH001979,,,Open,,,,2026-02-15
DH001980,,,Open,,,,2026-02-15
DH001981,,,Open,,,,2026-02-15
DH001982,,,Open,,,,2026-02-15
DH001983,,,Open,,,,2026-02-15
DH001984,,,Open,,,,2026-02-15
DH001985,,,Open,,,,2026-02-15
DH001986,,,Open,,,,2026-02-15
DH001987,,,Open,,,,2026-02-15
DH001988,,,Open,,,,2026-02-15
DH001989,,,Open,,,,2026-02-15
DH001990,,,Open,,,,2026-02-15
DH001991,,,Open,,,,2026-02-15
DH001992,,,Open,,,,2026-02-15
DH001993,,,Open,,,,2026-02-15
DH001994,,,Open,,,,2026-02-15
DH001995,,,Open,,,,2026-02-15
DH001996,,,Open,,,,2026-02-15
DH001997,,,Open,,,,2026-02-15
DH001998,,,Open,,,,2026-02-15
DH001999,,,Open,,,,2026-02-15
DH002000,,,Open,,,,2026-02-15
DH002001,,,Open,,,,2026-02-15
DH002002,,,Open,,,,2026-02-15
DH002003,,,Open,,,,2026-02-15
DH002004,,,Open,,,,2026-02-15
DH002005,,,Open,,,,2026-02-15
DH002006,,,Open,,,,2026-02-15
DH002007,,,Open,,,,2026-02-15
DH002008,,,Open,,,,2026-02-15
DH002009,,,Open,,,,2026-02-15
DH002010,,,Open,,,,2026-02-15
DH002011,,,Open,,,,2026-02-15
DH002012,,,Open,,,,2026-02-15
DH002013,,,Open,,,,2026-02-15
DH002014,,,Open,,,,2026-02-15
DH002015,,,Open,,,,2026-02-15
DH002016,,,Open,,,,2026-02-15
DH002017,,,Open,,,,2026-02-15
DH002018,,,Open,,,,2026-02-15
DH002019,,,Open,,,,2026-02-15
DH002020,,,Open,,,,2026-02-15
DH002021,,,Open,,,,2026-02-15
DH002022,,,Open,,,,2026-02-15
DH002023,,,Open,,,,2026-02-15
DH002024,,,Open,,,,2026-02-15
DH002025,,,Open,,,,2026-02-15
DH002026,,,Open,,,,2026-02-15
DH002027,,,Open,,,,2026-02-15
DH002028,,,Open,,,,2026-02-15
DH002029,,,Open,,,,2026-02-15
DH002030,,,Open,,,,2026-02-15
DH002031,,,Open,,,,2026-02-15
DH002032,,,Open,,,,2026-02-15
DH002033,,,Open,,,,2026-02-15
DH002034,,,Open,,,,2026-02-15
DH002035,,,Open,,,,2026-02-15
DH002036,,,Open,,,,2026-02-15
DH002037,,,Open,,,,2026-02-15
DH002038,,,Open,,,,2026-02-15
DH002039,,,Open,,,,2026-02-15
DH002040,,,Open,,,,2026-02-15
DH002041,,,Open,,,,2026-02-15
DH002042,,,Open,,,,2026-02-15
DH002043,,,Open,,,,2026-02-15
DH002044,,,Open,,,,2026-02-15
DH002045,,,Open,,,,2026-02-15
DH002046,,,Open,,,,2026-02-15
DH002047,,,Open,,,,2026-02-15
DH002048,,,Open,,,,2026-02-15
DH002049,,,Open,,,,2026-02-15
DH002050,,,Open,,,,2026-02-15
DH002051,,,Open,,,,2026-02-15
DH002052,,,Open,,,,2026-02-15
DH002053,,,Open,,,,2026-02-15
DH002054,,,Open,,,,2026-02-15
DH002055,,,Open,,,,2026-02-15
DH002056,,,Open,,,,2026-02-15
DH002057,,,Open,,,,2026-02-15
DH002058,,,Open,,,,2026-02-15
DH002059,,,Open,,,,2026-02-15
DH002060,,,Open,,,,2026-02-15
DH002061,,,Open,,,,2026-02-15
DH002062,,,Open,,,,2026-02-15
DH002063,,,Open,,,,2026-02-15
DH002064,,,Open,,,,2026-02-15
DH002065,,,Open,,,,2026-02-15
DH002066,,,Open,,,,2026-02-15
DH002067,,,Open,,,,2026-02-15
DH002068,,,Open,,,,2026-02-15
DH002069,,,Open,,,,2026-02-15
DH002070,,,Open,,,,2026-02-15
DH002071,,,Open,,,,2026-02-15
DH002072,,,Open,,,,2026-02-15
DH002073,,,Open,,,,2026-02-15
DH002074,,,Open,,,,2026-02-15
DH002075,,,Open,,,,2026-02-15
DH002076,,,Open,,,,2026-02-15
DH002077,,,Open,,,,2026-02-15
DH002078,,,Open,,,,2026-02-15
DH002079,,,Open,,,,2026-02-15
DH002080,,,Open,,,,2026-02-15
DH002081,,,Open,,,,2026-02-15
DH002082,,,Open,,,,2026-02-15
DH002083,,,Open,,,,2026-02-15
DH002084,,,Open,,,,2026-02-15
DH002085,,,Open,,,,2026-02-15
DH002086,,,Open,,,,2026-02-15
DH002087,,,Open,,,,2026-02-15
DH002088,,,Open,,,,2026-02-15
DH002089,,,Open,,,,2026-02-15
DH002090,,,Open,,,,2026-02-15
DH002091,,,Open,,,,2026-02-15
DH002092,,,Open,,,,2026-02-15
DH002093,,,Open,,,,2026-02-15
DH002094,,,Open,,,,2026-02-15
DH002095,,,Open,,,,2026-02-15
DH002096,,,Open,,,,2026-02-15
DH002097,,,Open,,,,2026-02-15
DH002098,,,Open,,,,2026-02-15
DH002099,,,Open,,,,2026-02-15
DH002100,,,Open,,,,2026-02-15
DH002101,,,Open,,,,2026-02-15
DH002102,,,Open,,,,2026-03-15
DH002103,,,Open,,,,2026-03-15
DH002104,,,Open,,,,2026-03-15
DH002105,,,Open,,,,2026-03-15
DH002106,,,Open,,,,2026-03-15
DH002107,,,Open,,,,2026-03-15
DH002108,,,Open,,,,2026-03-15
DH002109,,,Open,,,,2026-03-15
DH002110,,,Open,,,,2026-03-15
DH002111,,,Open,,,,2026-03-15
DH002112,,,Open,,,,2026-03-15
DH002113,,,Open,,,,2026-03-15
DH002114,,,Open,,,,2026-03-15
DH002115,,,Open,,,,2026-03-15
DH002116,,,Open,,,,2026-03-15
DH002117,,,Open,,,,2026-03-15
DH002118,,,Open,,,,2026-03-15
DH002119,,,Open,,,,2026-03-15
DH002120,,,Open,,,,2026-03-15
DH002121,,,Open,,,,2026-03-15
DH002122,,,Open,,,,2026-03-15
DH002123,,,Open,,,,2026-03-15
DH002124,,,Open,,,,2026-03-15
DH002125,,,Open,,,,2026-03-15
DH002126,,,Open,,,,2026-03-15
DH002127,,,Open,,,,2026-03-15
DH002128,,,Open,,,,2026-03-15
DH002129,,,Open,,,,2026-03-15
DH002130,,,Open,,,,2026-03-15
DH002131,,,Open,,,,2026-03-15
DH002132,,,Open,,,,2026-03-15
DH002133,,,Open,,,,2026-03-15
DH002134,,,Open,,,,2026-03-15
DH002135,,,Open,,,,2026-03-15
DH002136,,,Open,,,,2026-03-15
DH002137,,,Open,,,,2026-03-15
DH002138,,,Open,,,,2026-03-15
DH002139,,,Open,,,,2026-03-15
DH002140,,,Open,,,,2026-03-15
DH002141,,,Open,,,,2026-03-15
DH002142,,,Open,,,,2026-03-15
DH002143,,,Open,,,,2026-03-15
DH002144,,,Open,,,,2026-03-15
DH002145,,,Open,,,,2026-03-15
DH002146,,,Open,,,,2026-03-15
DH002147,,,Open,,,,2026-03-15
DH002148,,,Open,,,,2026-03-15
DH002149,,,Open,,,,2026-03-15
DH002150,,,Open,,,,2026-03-15
DH002151,,,Open,,,,2026-03-15
DH002152,,,Open,,,,2026-03-15
DH002153,,,Open,,,,2026-03-15
DH002154,,,Open,,,,2026-03-15
DH002155,,,Open,,,,2026-03-15
DH002156,,,Open,,,,2026-03-15
DH002157,,,Open,,,,2026-03-15
DH002158,,,Open,,,,2026-03-15
DH002159,,,Open,,,,2026-03-15
DH002160,,,Open,,,,2026-03-15
DH002161,,,Open,,,,2026-03-15
DH002162,,,Open,,,,2026-03-15
DH002163,,,Open,,,,2026-03-15
DH002164,,,Open,,,,2026-03-15
DH002165,,,Open,,,,2026-03-15
DH002166,,,Open,,,,2026-03-15
DH002167,,,Open,,,,2026-03-15
DH002168,,,Open,,,,2026-03-15
DH002169,,,Open,,,,2026-03-15
DH002170,,,Open,,,,2026-03-15
DH002171,,,Open,,,,2026-03-15
DH002172,,,Open,,,,2026-03-15
DH002173,,,Open,,,,2026-03-15
DH002174,,,Open,,,,2026-03-15
DH002175,,,Open,,,,2026-03-15
DH002176,,,Open,,,,2026-03-15
DH002177,,,Open,,,,2026-03-15
DH002178,,,Open,,,,2026-03-15
DH002179,,,Open,,,,2026-03-15
DH002180,,,Open,,,,2026-03-15
DH002181,,,Open,,,,2026-03-15
DH002182,,,Open,,,,2026-03-15
DH002183,,,Open,,,,2026-03-15
DH002184,,,Open,,,,2026-03-15
DH002185,,,Open,,,,2026-03-15
DH002186,,,Open,,,,2026-03-15
DH002187,,,Open,,,,2026-03-15
DH002188,,,Open,,,,2026-03-15
DH002189,,,Open,,,,2026-03-15
DH002190,,,Open,,,,2026-03-15
DH002191,,,Open,,,,2026-03-15
DH002192,,,Open,,,,2026-03-15
DH002193,,,Open,,,,2026-03-15
DH002194,,,Open,,,,2026-03-15
DH002195,,,Open,,,,2026-03-15
DH002196,,,Open,,,,2026-03-15
DH002197,,,Open,,,,2026-03-15
DH002198,,,Open,,,,2026-03-15
DH002199,,,Open,,,,2026-03-15
DH002200,,,Open,,,,2026-03-15
DH002201,,,Open,,,,2026-03-15
DH002202,,,Open,,,,2026-03-15
DH002203,,,Open,,,,2026-03-15
DH002204,,,Open,,,,2026-03-15
DH002205,,,Open,,,,2026-03-15
DH002206,,,Open,,,,2026-03-15
DH002207,,,Open,,,,2026-03-15
DH002208,,,Open,,,,2026-03-15
DH002209,,,Open,,,,2026-03-15
DH002210,,,Open,,,,2026-03-15
DH002211,,,Open,,,,2026-03-15
DH002212,,,Open,,,,2026-03-15
DH002213,,,Open,,,,2026-03-15
DH002214,,,Open,,,,2026-03-15
DH002215,,,Open,,,,2026-03-15
DH002216,,,Open,,,,2026-03-15
DH002217,,,Open,,,,2026-03-15
DH002218,,,Open,,,,2026-03-15
DH002219,,,Open,,,,2026-03-15
DH002220,,,Open,,,,2026-03-15
DH002221,,,Open,,,,2026-03-15
DH002222,,,Open,,,,2026-03-15
DH002223,,,Open,,,,2026-03-15
DH002224,,,Open,,,,2026-03-15
DH002225,,,Open,,,,2026-03-15
DH002226,,,Open,,,,2026-03-15
DH002227,,,Open,,,,2026-03-15
DH002228,,,Open,,,,2026-03-15
DH002229,,,Open,,,,2026-03-15
DH002230,,,Open,,,,2026-03-15
DH002231,,,Open,,,,2026-03-15
DH002232,,,Open,,,,2026-03-15
DH002233,,,Open,,,,2026-03-15
DH002234,,,Open,,,,2026-03-15
DH002235,,,Open,,,,2026-03-15
DH002236,,,Open,,,,2026-03-15
DH002237,,,Open,,,,2026-03-15
DH002238,,,Open,,,,2026-03-15
DH002239,,,Open,,,,2026-03-15
DH002240,,,Open,,,,2026-03-15
DH002241,,,Open,,,,2026-03-15
DH002242,,,Open,,,,2026-03-15
DH002243,,,Open,,,,2026-03-15
DH002244,,,Open,,,,2026-03-15
DH002245,,,Open,,,,2026-03-15
DH002246,,,Open,,,,2026-03-15
DH002247,,,Open,,,,2026-03-15
DH002248,,,Open,,,,2026-03-15
DH002249,,,Open,,,,2026-03-15
DH002250,,,Open,,,,2026-03-15
DH002251,,,Open,,,,2026-03-15
DH002252,,,Open,,,,2026-03-15
DH002253,,,Open,,,,2026-03-15
DH002254,,,Open,,,,2026-03-15
DH002255,,,Open,,,,2026-03-15
DH002256,,,Open,,,,2026-03-15
DH002257,,,Open,,,,2026-03-15
DH002258,,,Open,,,,2026-03-15
DH002259,,,Open,,,,2026-03-15
DH002260,,,Open,,,,2026-03-15
DH002261,,,Open,,,,2026-03-15
DH002262,,,Open,,,,2026-03-15
DH002263,,,Open,,,,2026-03-15
DH002264,,,Open,,,,2026-03-15
DH002265,,,Open,,,,2026-03-15
DH002266,,,Open,,,,2026-03-15
DH002267,,,Open,,,,2026-03-15
DH002268,,,Open,,,,2026-03-15
DH002269,,,Open,,,,2026-03-15
DH002270,,,Open,,,,2026-03-15
DH002271,,,Open,,,,2026-03-15
DH002272,,,Open,,,,2026-03-15
DH002273,,,Open,,,,2026-03-15
DH002274,,,Open,,,,2026-03-15
DH002275,,,Open,,,,2026-03-15
DH002276,,,Open,,,,2026-03-15
DH002277,,,Open,,,,2026-03-15
DH002278,,,Open,,,,2026-03-15
DH002279,,,Open,,,,2026-03-15
DH002280,,,Open,,,,2026-03-15
DH002281,,,Open,,,,2026-04-15
DH002282,,,Open,,,,2026-04-15
DH002283,,,Open,,,,2026-04-15
DH002284,,,Open,,,,2026-04-15
DH002285,,,Open,,,,2026-04-15
DH002286,,,Open,,,,2026-04-15
DH002287,,,Open,,,,2026-04-15
DH002288,,,Open,,,,2026-04-15
DH002289,,,Open,,,,2026-04-15
DH002290,,,Open,,,,2026-04-15
DH002291,,,Open,,,,2026-04-15
DH002292,,,Open,,,,2026-04-15
DH002293,,,Open,,,,2026-04-15
DH002294,,,Open,,,,2026-04-15
DH002295,,,Open,,,,2026-04-15
DH002296,,,Open,,,,2026-04-15
DH002297,,,Open,,,,2026-04-15
DH002298,,,Open,,,,2026-04-15
DH002299,,,Open,,,,2026-04-15
DH002300,,,Open,,,,2026-04-15
DH002301,,,Open,,,,2026-04-15
DH002302,,,Open,,,,2026-04-15
DH002303,,,Open,,,,2026-04-15
DH002304,,,Open,,,,2026-04-15
DH002305,,,Open,,,,2026-04-15
DH002306,,,Open,,,,2026-04-15
DH002307,,,Open,,,,2026-04-15
DH002308,,,Open,,,,2026-04-15
DH002309,,,Open,,,,2026-04-15
DH002310,,,Open,,,,2026-04-15
DH002311,,,Open,,,,2026-04-15
DH002312,,,Open,,,,2026-04-15
DH002313,,,Open,,,,2026-04-15
DH002314,,,Open,,,,2026-04-15
DH002315,,,Open,,,,2026-04-15
DH002316,,,Open,,,,2026-04-15
DH002317,,,Open,,,,2026-04-15
DH002318,,,Open,,,,2026-04-15
DH002319,,,Open,,,,2026-04-15
DH002320,,,Open,,,,2026-04-15
DH002321,,,Open,,,,2026-04-15
DH002322,,,Open,,,,2026-04-15
DH002323,,,Open,,,,2026-04-15
DH002324,,,Open,,,,2026-04-15
DH002325,,,Open,,,,2026-04-15
DH002326,,,Open,,,,2026-04-15
DH002327,,,Open,,,,2026-04-15
DH002328,,,Open,,,,2026-04-15
DH002329,,,Open,,,,2026-04-15
DH002330,,,Open,,,,2026-04-15
DH002331,,,Open,,,,2026-04-15
DH002332,,,Open,,,,2026-04-15
DH002333,,,Open,,,,2026-04-15
DH002334,,,Open,,,,2026-04-15
DH002335,,,Open,,,,2026-04-15
DH002336,,,Open,,,,2026-04-15
DH002337,,,Open,,,,2026-04-15
DH002338,,,Open,,,,2026-04-15
DH002339,,,Open,,,,2026-04-15
DH002340,,,Open,,,,2026-04-15
DH002341,,,Open,,,,2026-04-15
DH002342,,,Open,,,,2026-04-15
DH002343,,,Open,,,,2026-04-15
DH002344,,,Open,,,,2026-04-15
DH002345,,,Open,,,,2026-04-15
DH002346,,,Open,,,,2026-04-15
DH002347,,,Open,,,,2026-04-15
DH002348,,,Open,,,,2026-04-15
DH002349,,,Open,,,,2026-04-15
DH002350,,,Open,,,,2026-04-15
DH002351,,,Open,,,,2026-04-15
DH002352,,,Open,,,,2026-04-15
DH002353,,,Open,,,,2026-04-15
DH002354,,,Open,,,,2026-04-15
DH002355,,,Open,,,,2026-04-15
DH002356,,,Open,,,,2026-04-15
DH002357,,,Open,,,,2026-04-15
DH002358,,,Open,,,,2026-04-15
DH002359,,,Open,,,,2026-04-15
DH002360,,,Open,,,,2026-04-15
DH002361,,,Open,,,,2026-04-15
DH002362,,,Open,,,,2026-04-15
DH002363,,,Open,,,,2026-04-15
DH002364,,,Open,,,,2026-04-15
DH002365,,,Open,,,,2026-04-15
DH002366,,,Open,,,,2026-04-15
DH002367,,,Open,,,,2026-04-15
DH002368,,,Open,,,,2026-04-15
DH002369,,,Open,,,,2026-04-15
DH002370,,,Open,,,,2026-04-15
DH002371,,,Open,,,,2026-04-15
DH002372,,,Open,,,,2026-04-15
DH002373,,,Open,,,,2026-04-15
DH002374,,,Open,,,,2026-04-15
DH002375,,,Open,,,,2026-04-15
DH002376,,,Open,,,,2026-04-15
DH002377,,,Open,,,,2026-04-15
DH002378,,,Open,,,,2026-04-15
DH002379,,,Open,,,,2026-04-15
DH002380,,,Open,,,,2026-04-15
DH002381,,,Open,,,,2026-04-15
DH002382,,,Open,,,,2026-04-15
DH002383,,,Open,,,,2026-04-15
DH002384,,,Open,,,,2026-04-15
DH002385,,,Open,,,,2026-04-15
DH002386,,,Open,,,,2026-04-15
DH002387,,,Open,,,,2026-04-15
DH002388,,,Open,,,,2026-04-15
DH002389,,,Open,,,,2026-04-15
DH002390,,,Open,,,,2026-04-15
DH002391,,,Open,,,,2026-04-15
DH002392,,,Open,,,,2026-04-15
DH002393,,,Open,,,,2026-04-15
DH002394,,,Open,,,,2026-04-15
DH002395,,,Open,,,,2026-04-15
DH002396,,,Open,,,,2026-04-15
DH002397,,,Open,,,,2026-04-15
DH002398,,,Open,,,,2026-04-15
DH002399,,,Open,,,,2026-04-15
DH002400,,,Open,,,,2026-04-15
DH002401,,,Open,,,,2026-04-15
DH002402,,,Open,,,,2026-04-15
DH002403,,,Open,,,,2026-04-15
DH002404,,,Open,,,,2026-04-15
DH002405,,,Open,,,,2026-04-15
DH002406,,,Open,,,,2026-04-15
DH002407,,,Open,,,,2026-04-15
DH002408,,,Open,,,,2026-04-15
DH002409,,,Open,,,,2026-04-15
DH002410,,,Open,,,,2026-04-15
DH002411,,,Open,,,,2026-04-15
DH002412,,,Open,,,,2026-04-15
DH002413,,,Open,,,,2026-04-15
DH002414,,,Open,,,,2026-05-15
DH002415,,,Open,,,,2026-05-15
DH002416,,,Open,,,,2026-05-15
DH002417,,,Open,,,,2026-05-15
DH002418,,,Open,,,,2026-05-15
DH002419,,,Open,,,,2026-05-15
DH002420,,,Open,,,,2026-05-15
DH002421,,,Open,,,,2026-05-15
DH002422,,,Open,,,,2026-05-15
DH002423,,,Open,,,,2026-05-15
DH002424,,,Open,,,,2026-05-15
DH002425,,,Open,,,,2026-05-15
DH002426,,,Open,,,,2026-05-15
DH002427,,,Open,,,,2026-05-15
DH002428,,,Open,,,,2026-05-15
DH002429,,,Open,,,,2026-05-15
DH002430,,,Open,,,,2026-05-15
DH002431,,,Open,,,,2026-05-15
DH002432,,,Open,,,,2026-05-15
DH002433,,,Open,,,,2026-05-15
DH002434,,,Open,,,,2026-05-15
DH002435,,,Open,,,,2026-05-15
DH002436,,,Open,,,,2026-05-15
DH002437,,,Open,,,,2026-05-15
DH002438,,,Open,,,,2026-05-15
DH002439,,,Open,,,,2026-05-15
DH002440,,,Open,,,,2026-05-15
DH002441,,,Open,,,,2026-05-15
DH002442,,,Open,,,,2026-05-15
DH002443,,,Open,,,,2026-05-15
DH002444,,,Open,,,,2026-05-15
DH002445,,,Open,,,,2026-05-15
DH002446,,,Open,,,,2026-05-15
DH002447,,,Open,,,,2026-05-15
DH002448,,,Open,,,,2026-05-15
DH002449,,,Open,,,,2026-05-15
DH002450,,,Open,,,,2026-05-15
DH002451,,,Open,,,,2026-05-15
DH002452,,,Open,,,,2026-05-15
DH002453,,,Open,,,,2026-05-15
DH002454,,,Open,,,,2026-05-15
DH002455,,,Open,,,,2026-05-15
DH002456,,,Open,,,,2026-05-15
DH002457,,,Open,,,,2026-05-15
DH002458,,,Open,,,,2026-05-15
DH002459,,,Open,,,,2026-05-15
DH002460,,,Open,,,,2026-05-15
DH002461,,,Open,,,,2026-05-15
DH002462,,,Open,,,,2026-05-15
DH002463,,,Open,,,,2026-05-15
DH002464,,,Open,,,,2026-05-15
DH002465,,,Open,,,,2026-05-15
DH002466,,,Open,,,,2026-05-15
DH002467,,,Open,,,,2026-05-15
DH002468,,,Open,,,,2026-05-15
DH002469,,,Open,,,,2026-05-15
DH002470,,,Open,,,,2026-05-15
DH002471,,,Open,,,,2026-05-15
DH002472,,,Open,,,,2026-05-15
DH002473,,,Open,,,,2026-05-15
DH002474,,,Open,,,,2026-05-15
DH002475,,,Open,,,,2026-05-15
DH002476,,,Open,,,,2026-05-15
DH002477,,,Open,,,,2026-05-15
DH002478,,,Open,,,,2026-05-15
DH002479,,,Open,,,,2026-05-15
DH002480,,,Open,,,,2026-05-15
DH002481,,,Open,,,,2026-05-15
DH002482,,,Open,,,,2026-05-15
DH002483,,,Open,,,,2026-05-15
DH002484,,,Open,,,,2026-05-15
DH002485,,,Open,,,,2026-05-15
DH002486,,,Open,,,,2026-05-15
DH002487,,,Open,,,,2026-05-15
DH002488,,,Open,,,,2026-05-15
DH002489,,,Open,,,,2026-05-15
DH002490,,,Open,,,,2026-05-15
DH002491,,,Open,,,,2026-05-15
DH002492,,,Open,,,,2026-05-15
DH002493,,,Open,,,,2026-05-15
DH002494,,,Open,,,,2026-05-15
DH002495,,,Open,,,,2026-05-15
DH002496,,,Open,,,,2026-05-15
DH002497,,,Open,,,,2026-05-15
DH002498,,,Open,,,,2026-05-15
DH002499,,,Open,,,,2026-05-15
DH002500,,,Open,,,,2026-05-15
DH002501,,,Open,,,,2026-05-15
DH002502,,,Open,,,,2026-05-15
DH002503,,,Open,,,,2026-05-15
DH002504,,,Open,,,,2026-05-15
DH002505,,,Open,,,,2026-05-15
DH002506,,,Open,,,,2026-05-15
DH002507,,,Open,,,,2026-05-15
DH002508,,,Open,,,,2026-05-15
DH002509,,,Open,,,,2026-05-15
DH002510,,,Open,,,,2026-05-15
DH002511,,,Open,,,,2026-05-15
DH002512,,,Open,,,,2026-05-15
DH002513,,,Open,,,,2026-05-15
DH002514,,,Open,,,,2026-05-15
DH002515,,,Open,,,,2026-05-15
DH002516,,,Open,,,,2026-05-15
DH002517,,,Open,,,,2026-05-15
DH002518,,,Open,,,,2026-05-15
DH002519,,,Open,,,,2026-05-15
DH002520,,,Open,,,,2026-05-15
DH002521,,,Open,,,,2026-05-15
DH002522,,,Open,,,,2026-05-15
DH002523,,,Open,,,,2026-05-15
DH002524,,,Open,,,,2026-05-15
DH002525,,,Open,,,,2026-05-15
DH002526,,,Open,,,,2026-05-15
DH002527,,,Open,,,,2026-05-15
DH002528,,,Open,,,,2026-05-15
DH002529,,,Open,,,,2026-05-15
DH002530,,,Open,,,,2026-05-15
DH002531,,,Open,,,,2026-05-15
DH002532,,,Open,,,,2026-05-15
DH002533,,,Open,,,,2026-05-15
DH002534,,,Open,,,,2026-05-15
DH002535,,,Open,,,,2026-05-15
DH002536,,,Open,,,,2026-05-15
DH002537,,,Open,,,,2026-05-15
DH002538,,,Open,,,,2026-05-15
DH002539,,,Open,,,,2026-05-15
DH002540,,,Open,,,,2026-05-15
DH002541,,,Open,,,,2026-05-15
DH002542,,,Open,,,,2026-05-15
DH002543,,,Open,,,,2026-05-15
DH002544,,,Open,,,,2026-05-15
DH002545,,,Open,,,,2026-05-15
DH002546,,,Open,,,,2026-05-15
DH002547,,,Open,,,,2026-05-15
DH002548,,,Open,,,,2026-05-15
DH002549,,,Open,,,,2026-05-15
DH002550,,,Open,,,,2026-05-15
DH002551,,,Open,,,,2026-05-15
DH002552,,,Open,,,,2026-05-15
DH002553,,,Open,,,,2026-05-15
DH002554,,,Open,,,,2026-05-15
DH002555,,,Open,,,,2026-05-15
DH002556,,,Open,,,,2026-05-15
DH002557,,,Open,,,,2026-05-15
DH002558,,,Open,,,,2026-06-15
DH002559,,,Open,,,,2026-06-15
DH002560,,,Open,,,,2026-06-15
DH002561,,,Open,,,,2026-06-15
DH002562,,,Open,,,,2026-06-15
DH002563,,,Open,,,,2026-06-15
DH002564,,,Open,,,,2026-06-15
DH002565,,,Open,,,,2026-06-15
DH002566,,,Open,,,,2026-06-15
DH002567,,,Open,,,,2026-06-15
DH002568,,,Open,,,,2026-06-15
DH002569,,,Open,,,,2026-06-15
DH002570,,,Open,,,,2026-06-15
DH002571,,,Open,,,,2026-06-15
DH002572,,,Open,,,,2026-06-15
DH002573,,,Open,,,,2026-06-15
DH002574,,,Open,,,,2026-06-15
DH002575,,,Open,,,,2026-06-15
DH002576,,,Open,,,,2026-06-15
DH002577,,,Open,,,,2026-06-15
DH002578,,,Open,,,,2026-06-15
DH002579,,,Open,,,,2026-06-15
DH002580,,,Open,,,,2026-06-15
DH002581,,,Open,,,,2026-06-15
DH002582,,,Open,,,,2026-06-15
DH002583,,,Open,,,,2026-06-15
DH002584,,,Open,,,,2026-06-15
DH002585,,,Open,,,,2026-06-15
DH002586,,,Open,,,,2026-06-15
DH002587,,,Open,,,,2026-06-15
DH002588,,,Open,,,,2026-06-15
DH002589,,,Open,,,,2026-06-15
DH002590,,,Open,,,,2026-06-15
DH002591,,,Open,,,,2026-06-15
DH002592,,,Open,,,,2026-06-15
DH002593,,,Open,,,,2026-06-15
DH002594,,,Open,,,,2026-06-15
DH002595,,,Open,,,,2026-06-15
DH002596,,,Open,,,,2026-06-15
DH002597,,,Open,,,,2026-06-15
DH002598,,,Open,,,,2026-06-15
DH002599,,,Open,,,,2026-06-15
DH002600,,,Open,,,,2026-06-15
DH002601,,,Open,,,,2026-06-15
DH002602,,,Open,,,,2026-06-15
DH002603,,,Open,,,,2026-06-15
DH002604,,,Open,,,,2026-06-15
DH002605,,,Open,,,,2026-06-15
DH002606,,,Open,,,,2026-06-15
DH002607,,,Open,,,,2026-06-15
DH002608,,,Open,,,,2026-06-15
DH002609,,,Open,,,,2026-06-15
DH002610,,,Open,,,,2026-06-15
DH002611,,,Open,,,,2026-06-15
DH002612,,,Open,,,,2026-06-15
DH002613,,,Open,,,,2026-06-15
DH002614,,,Open,,,,2026-06-15
DH002615,,,Open,,,,2026-06-15
DH002616,,,Open,,,,2026-06-15
DH002617,,,Open,,,,2026-06-15
DH002618,,,Open,,,,2026-06-15
DH002619,,,Open,,,,2026-06-15
DH002620,,,Open,,,,2026-06-15
DH002621,,,Open,,,,2026-06-15
DH002622,,,Open,,,,2026-06-15
DH002623,,,Open,,,,2026-06-15
DH002624,,,Open,,,,2026-06-15
DH002625,,,Open,,,,2026-06-15
DH002626,,,Open,,,,2026-06-15
DH002627,,,Open,,,,2026-06-15
DH002628,,,Open,,,,2026-06-15
DH002629,,,Open,,,,2026-06-15
DH002630,,,Open,,,,2026-06-15
DH002631,,,Open,,,,2026-06-15
DH002632,,,Open,,,,2026-06-15
DH002633,,,Open,,,,2026-06-15
DH002634,,,Open,,,,2026-06-15
DH002635,,,Open,,,,2026-06-15
DH002636,,,Open,,,,2026-06-15
DH002637,,,Open,,,,2026-06-15
DH002638,,,Open,,,,2026-06-15
DH002639,,,Open,,,,2026-06-15
DH002640,,,Open,,,,2026-06-15
DH002641,,,Open,,,,2026-06-15
DH002642,,,Open,,,,2026-06-15
DH002643,,,Open,,,,2026-06-15
DH002644,,,Open,,,,2026-06-15
DH002645,,,Open,,,,2026-06-15
DH002646,,,Open,,,,2026-06-15
DH002647,,,Open,,,,2026-06-15
DH002648,,,Open,,,,2026-06-15
DH002649,,,Open,,,,2026-06-15
DH002650,,,Open,,,,2026-06-15
DH002651,,,Open,,,,2026-06-15
DH002652,,,Open,,,,2026-06-15
DH002653,,,Open,,,,2026-06-15
DH002654,,,Open,,,,2026-06-15
DH002655,,,Open,,,,2026-06-15
DH002656,,,Open,,,,2026-06-15
DH002657,,,Open,,,,2026-06-15
DH002658,,,Open,,,,2026-06-15
DH002659,,,Open,,,,2026-06-15
DH002660,,,Open,,,,2026-06-15
DH002661,,,Open,,,,2026-06-15
DH002662,,,Open,,,,2026-06-15
DH002663,,,Open,,,,2026-06-15
DH002664,,,Open,,,,2026-06-15
DH002665,,,Open,,,,2026-06-15
DH002666,,,Open,,,,2026-06-15
DH002667,,,Open,,,,2026-06-15
DH002668,,,Open,,,,2026-06-15
DH002669,,,Open,,,,2026-06-15
DH002670,,,Open,,,,2026-06-15
DH002671,,,Open,,,,2026-06-15
DH002672,,,Open,,,,2026-06-15
DH002673,,,Open,,,,2026-06-15
DH002674,,,Open,,,,2026-06-15
DH002675,,,Open,,,,2026-06-15
DH002676,,,Open,,,,2026-06-15
DH002677,,,Open,,,,2026-06-15
DH002678,,,Open,,,,2026-06-15
DH002679,,,Open,,,,2026-06-15
DH002680,,,Open,,,,2026-06-15
DH002681,,,Open,,,,2026-06-15
DH002682,,,Open,,,,2026-06-15
DH002683,,,Open,,,,2026-06-15
DH002684,,,Open,,,,2026-06-15
DH002685,,,Open,,,,2026-06-15
DH002686,,,Open,,,,2026-06-15
DH002687,,,Open,,,,2026-06-15
DH002688,,,Open,,,,2026-06-15
DH002689,,,Open,,,,2026-06-15
DH002690,,,Open,,,,2026-06-15
DH002691,,,Open,,,,2026-06-15
DH002692,,,Open,,,,2026-06-15
DH002693,,,Open,,,,2026-06-15
DH002694,,,Open,,,,2026-06-15
DH002695,,,Open,,,,2026-06-15
DH002696,,,Open,,,,2026-06-15
DH002697,,,Open,,,,2026-06-15
DH002698,,,Open,,,,2026-06-15
DH002699,,,Open,,,,2026-06-15
DH002700,,,Open,,,,2026-06-15
DH002701,,,Open,,,,2026-06-15
DH002702,,,Open,,,,2026-06-15
DH002703,,,Open,,,,2026-06-15
DH002704,,,Open,,,,2026-06-15
DH002705,,,Open,,,,2026-06-15
DH002706,,,Open,,,,2026-06-15
DH002707,,,Open,,,,2026-06-15
DH002708,,,Open,,,,2026-06-15
DH002709,,,Open,,,,2026-06-15
DH002710,,,Open,,,,2026-06-15
DH002711,,,Open,,,,2026-06-15
DH002712,,,Open,,,,2026-06-15
DH002713,,,Open,,,,2026-06-15
DH002714,,,Open,,,,2026-06-15
DH002715,,,Open,,,,2026-06-15
DH002716,,,Open,,,,2026-06-15
DH002717,,,Open,,,,2026-06-15
DH002718,,,Open,,,,2026-06-15
DH002719,,,Open,,,,2026-06-15
DH002720,,,Open,,,,2026-06-15
DH002721,,,Open,,,,2026-06-15
DH002722,,,Open,,,,2026-06-15
DH002723,,,Open,,,,2026-06-15
DH002724,,,Open,,,,2026-06-15
DH002725,,,Open,,,,2026-06-15
DH002726,,,Open,,,,2026-06-15
DH002727,,,Open,,,,2026-06-15
DH002728,,,Open,,,,2026-06-15
DH002729,,,Open,,,,2026-07-15
DH002730,,,Open,,,,2026-07-15
DH002731,,,Open,,,,2026-07-15
DH002732,,,Open,,,,2026-07-15
DH002733,,,Open,,,,2026-07-15
DH002734,,,Open,,,,2026-07-15
DH002735,,,Open,,,,2026-07-15
DH002736,,,Open,,,,2026-07-15
DH002737,,,Open,,,,2026-07-15
DH002738,,,Open,,,,2026-07-15
DH002739,,,Open,,,,2026-07-15
DH002740,,,Open,,,,2026-07-15
DH002741,,,Open,,,,2026-07-15
DH002742,,,Open,,,,2026-07-15
DH002743,,,Open,,,,2026-07-15
DH002744,,,Open,,,,2026-07-15
DH002745,,,Open,,,,2026-07-15
DH002746,,,Open,,,,2026-07-15
DH002747,,,Open,,,,2026-07-15
DH002748,,,Open,,,,2026-07-15
DH002749,,,Open,,,,2026-07-15
DH002750,,,Open,,,,2026-07-15
DH002751,,,Open,,,,2026-07-15
DH002752,,,Open,,,,2026-07-15
DH002753,,,Open,,,,2026-07-15
DH002754,,,Open,,,,2026-07-15
DH002755,,,Open,,,,2026-07-15
DH002756,,,Open,,,,2026-07-15
DH002757,,,Open,,,,2026-07-15
DH002758,,,Open,,,,2026-07-15
DH002759,,,Open,,,,2026-07-15
DH002760,,,Open,,,,2026-07-15
DH002761,,,Open,,,,2026-07-15
DH002762,,,Open,,,,2026-07-15
DH002763,,,Open,,,,2026-07-15
DH002764,,,Open,,,,2026-07-15
DH002765,,,Open,,,,2026-07-15
DH002766,,,Open,,,,2026-07-15
DH002767,,,Open,,,,2026-07-15
DH002768,,,Open,,,,2026-07-15
DH002769,,,Open,,,,2026-07-15
DH002770,,,Open,,,,2026-07-15
DH002771,,,Open,,,,2026-07-15
DH002772,,,Open,,,,2026-07-15
DH002773,,,Open,,,,2026-07-15
DH002774,,,Open,,,,2026-07-15
DH002775,,,Open,,,,2026-07-15
DH002776,,,Open,,,,2026-07-15
DH002777,,,Open,,,,2026-07-15
DH002778,,,Open,,,,2026-07-15
DH002779,,,Open,,,,2026-07-15
DH002780,,,Open,,,,2026-07-15
DH002781,,,Open,,,,2026-07-15
DH002782,,,Open,,,,2026-07-15
DH002783,,,Open,,,,2026-07-15
DH002784,,,Open,,,,2026-07-15
DH002785,,,Open,,,,2026-07-15
DH002786,,,Open,,,,2026-07-15
DH002787,,,Open,,,,2026-07-15
DH002788,,,Open,,,,2026-07-15
DH002789,,,Open,,,,2026-07-15
DH002790,,,Open,,,,2026-07-15
DH002791,,,Open,,,,2026-07-15
DH002792,,,Open,,,,2026-07-15
DH002793,,,Open,,,,2026-07-15
DH002794,,,Open,,,,2026-07-15
DH002795,,,Open,,,,2026-07-15
DH002796,,,Open,,,,2026-07-15
DH002797,,,Open,,,,2026-07-15
DH002798,,,Open,,,,2026-07-15
DH002799,,,Open,,,,2026-07-15
DH002800,,,Open,,,,2026-07-15
DH002801,,,Open,,,,2026-07-15
DH002802,,,Open,,,,2026-07-15
DH002803,,,Open,,,,2026-07-15
DH002804,,,Open,,,,2026-07-15
DH002805,,,Open,,,,2026-07-15
DH002806,,,Open,,,,2026-07-15
DH002807,,,Open,,,,2026-07-15
DH002808,,,Open,,,,2026-07-15
DH002809,,,Open,,,,2026-07-15
DH002810,,,Open,,,,2026-07-15
DH002811,,,Open,,,,2026-07-15
DH002812,,,Open,,,,2026-07-15
DH002813,,,Open,,,,2026-07-15
DH002814,,,Open,,,,2026-07-15
DH002815,,,Open,,,,2026-07-15
DH002816,,,Open,,,,2026-07-15
DH002817,,,Open,,,,2026-07-15
DH002818,,,Open,,,,2026-07-15
DH002819,,,Open,,,,2026-07-15
DH002820,,,Open,,,,2026-07-15
DH002821,,,Open,,,,2026-07-15
DH002822,,,Open,,,,2026-07-15
DH002823,,,Open,,,,2026-07-15
DH002824,,,Open,,,,2026-07-15
DH002825,,,Open,,,,2026-07-15
DH002826,,,Open,,,,2026-07-15
DH002827,,,Open,,,,2026-07-15
DH002828,,,Open,,,,2026-07-15
DH002829,,,Open,,,,2026-07-15
DH002830,,,Open,,,,2026-07-15
DH002831,,,Open,,,,2026-07-15
DH002832,,,Open,,,,2026-07-15
DH002833,,,Open,,,,2026-07-15
DH002834,,,Open,,,,2026-07-15
DH002835,,,Open,,,,2026-07-15
DH002836,,,Open,,,,2026-07-15
DH002837,,,Open,,,,2026-07-15
DH002838,,,Open,,,,2026-07-15
DH002839,,,Open,,,,2026-07-15
DH002840,,,Open,,,,2026-07-15
DH002841,,,Open,,,,2026-07-15
DH002842,,,Open,,,,2026-07-15
DH002843,,,Open,,,,2026-07-15
DH002844,,,Open,,,,2026-07-15
DH002845,,,Open,,,,2026-07-15
DH002846,,,Open,,,,2026-07-15
DH002847,,,Open,,,,2026-07-15
DH002848,,,Open,,,,2026-07-15
DH002849,,,Open,,,,2026-07-15
DH002850,,,Open,,,,2026-07-15
DH002851,,,Open,,,,2026-07-15
DH002852,,,Open,,,,2026-07-15
DH002853,,,Open,,,,2026-07-15
DH002854,,,Open,,,,2026-07-15
DH002855,,,Open,,,,2026-07-15
DH002856,,,Open,,,,2026-07-15
DH002857,,,Open,,,,2026-07-15
DH002858,,,Open,,,,2026-07-15
DH002859,,,Open,,,,2026-07-15
DH002860,,,Open,,,,2026-07-15
DH002861,,,Open,,,,2026-07-15
DH002862,,,Open,,,,2026-07-15
DH002863,,,Open,,,,2026-07-15
DH002864,,,Open,,,,2026-07-15
DH002865,,,Open,,,,2026-07-15
DH002866,,,Open,,,,2026-07-15
DH002867,,,Open,,,,2026-07-15
DH002868,,,Open,,,,2026-07-15
DH002869,,,Open,,,,2026-07-15
DH002870,,,Open,,,,2026-07-15
DH002871,,,Open,,,,2026-07-15
